Country/Region,Canada
1/22/2020,0
1/23/2020,0
1/24/2020,0
1/25/2020,0
1/26/2020,0
1/27/2020,0
1/28/2020,0
1/29/2020,0
1/30/2020,0
1/31/2020,0
2/1/2020,0
2/2/2020,0
2/3/2020,0
2/4/2020,0
2/5/2020,0
2/6/2020,0
2/7/2020,0
2/8/2020,0
2/9/2020,0
2/10/2020,0
2/11/2020,0
2/12/2020,1
2/13/2020,1
2/14/2020,1
2/15/2020,1
2/16/2020,1
2/17/2020,1
2/18/2020,1
2/19/2020,1
2/20/2020,1
2/21/2020,3
2/22/2020,3
2/23/2020,3
2/24/2020,3
2/25/2020,3
2/26/2020,3
2/27/2020,6
2/28/2020,6
2/29/2020,6
3/1/2020,6
3/2/2020,6
3/3/2020,6
3/4/2020,6
3/5/2020,6
3/6/2020,6
3/7/2020,8
3/8/2020,8
3/9/2020,8
3/10/2020,8
3/11/2020,8
3/12/2020,8
3/13/2020,8
3/14/2020,8
3/15/2020,8
3/16/2020,9
3/17/2020,9
3/18/2020,9
3/19/2020,9
3/20/2020,9
3/21/2020,10
3/22/2020,10
3/23/2020,10
3/24/2020,110
3/25/2020,183
3/26/2020,184
3/27/2020,256
3/28/2020,466
3/29/2020,466
3/30/2020,466
3/31/2020,1592
4/1/2020,1324
4/2/2020,1735
4/3/2020,2175
4/4/2020,2577
4/5/2020,3012
4/6/2020,3256
4/7/2020,3791
4/8/2020,4154
4/9/2020,5162
4/10/2020,5855
4/11/2020,6589
4/12/2020,7123
4/13/2020,7758
4/14/2020,8210
4/15/2020,8966
4/16/2020,9698
4/17/2020,10545
4/18/2020,10964
4/19/2020,11847
4/20/2020,12543
4/21/2020,13188
4/22/2020,14454
4/23/2020,14761
4/24/2020,15149
4/25/2020,16013
4/26/2020,16883
4/27/2020,18268
4/28/2020,19231
4/29/2020,20327
4/30/2020,21424
5/1/2020,22764
5/2/2020,23814
5/3/2020,24921
5/4/2020,26030
5/5/2020,27006
5/6/2020,28184
5/7/2020,29260
5/8/2020,30239
5/9/2020,31262
5/10/2020,32109
5/11/2020,33007
5/12/2020,34055
5/13/2020,35177
5/14/2020,36104
5/15/2020,36908
5/16/2020,37832
5/17/2020,38563
5/18/2020,39251
5/19/2020,40069
5/20/2020,40793
5/21/2020,41731
5/22/2020,42608
5/23/2020,43318
5/24/2020,43998
5/25/2020,44651
5/26/2020,45352
5/27/2020,46248
5/28/2020,46961
5/29/2020,47905
5/30/2020,48517
5/31/2020,49213
6/1/2020,50091
6/2/2020,50725
6/3/2020,51506
6/4/2020,52184
6/5/2020,53074
6/6/2020,54087
6/7/2020,54675
6/8/2020,55343
6/9/2020,56117
6/10/2020,57215
6/11/2020,58131
6/12/2020,59034
6/13/2020,59851
6/14/2020,60668
6/15/2020,61466
6/16/2020,61899
6/17/2020,63280
6/18/2020,63782
6/19/2020,64318
6/20/2020,64826
6/21/2020,65249
6/22/2020,65721
6/23/2020,66135
6/24/2020,66533
6/25/2020,66869
6/26/2020,67182
6/27/2020,67445
6/28/2020,67689
6/29/2020,68698
6/30/2020,69120
7/1/2020,69397
7/2/2020,69872
7/3/2020,70232
7/4/2020,70507
7/5/2020,70772
7/6/2020,71141
7/7/2020,71418
7/8/2020,71805
7/9/2020,72095
7/10/2020,72466
7/11/2020,72784
7/12/2020,72954
7/13/2020,73381
7/14/2020,73713
7/15/2020,74067
7/16/2020,74433
7/17/2020,98281
7/18/2020,98436
7/19/2020,98564
7/20/2020,98975
7/21/2020,99248
7/22/2020,99501
7/23/2020,99937
7/24/2020,100504
7/25/2020,100765
7/26/2020,100969
7/27/2020,101447
7/28/2020,101686
7/29/2020,101992
7/30/2020,102344
7/31/2020,102906
8/1/2020,103072
8/2/2020,103201
8/3/2020,103284
8/4/2020,104058
8/5/2020,104377
8/6/2020,104678
8/7/2020,105128
8/8/2020,105255
8/9/2020,105420
8/10/2020,108050
8/11/2020,108465
8/12/2020,108829
8/13/2020,109260
8/14/2020,109657
8/15/2020,109933
8/16/2020,110202
8/17/2020,110433
8/18/2020,111092
8/19/2020,111559
8/20/2020,111811
8/21/2020,112381
8/22/2020,112621
8/23/2020,112836
8/24/2020,113449
8/25/2020,113809
8/26/2020,114220
8/27/2020,114610
8/28/2020,115029
8/29/2020,115294
8/30/2020,115460
8/31/2020,116020
9/1/2020,116432
9/2/2020,116866
9/3/2020,117277
9/4/2020,117755
9/5/2020,117968
9/6/2020,118192
9/7/2020,118386
9/8/2020,119420
9/9/2020,119789
9/10/2020,120848
9/11/2020,121537
9/12/2020,121944
9/13/2020,122266
9/14/2020,123120
9/15/2020,123777
9/16/2020,124412
9/17/2020,124984
9/18/2020,125654
9/19/2020,125984
9/20/2020,126592
9/21/2020,127684
9/22/2020,128890
9/23/2020,129850
9/24/2020,130576
9/25/2020,131709
9/26/2020,132253
9/27/2020,133204
9/28/2020,134551
9/29/2020,135765
9/30/2020,137181
10/1/2020,138548
10/2/2020,139817
10/3/2020,140711
10/4/2020,142502
10/5/2020,144653
10/6/2020,146429
10/7/2020,147814
10/8/2020,149692
10/9/2020,152046
10/10/2020,153857
10/11/2020,155901
10/12/2020,156940
10/13/2020,160223
10/14/2020,162064
10/15/2020,164154
10/16/2020,166313
10/17/2020,166444
10/18/2020,169751
10/19/2020,172406
10/20/2020,174514
10/21/2020,171405
10/22/2020,173299
10/23/2020,180626
10/24/2020,181974
10/25/2020,184194
10/26/2020,187100
10/27/2020,189350
10/28/2020,191723
10/29/2020,194105
10/30/2020,196935
10/31/2020,198952
11/1/2020,200768
11/2/2020,203128
11/3/2020,206691
11/4/2020,208815
11/5/2020,210429
11/6/2020,214441
11/7/2020,216338
11/8/2020,218279
11/9/2020,221758
11/10/2020,224912
11/11/2020,226826
11/12/2020,230429
11/13/2020,234404
11/14/2020,236870
11/15/2020,240434
11/16/2020,244699
11/17/2020,248859
11/18/2020,253089
11/19/2020,257310
11/20/2020,261754
11/21/2020,265568
11/22/2020,269137
11/23/2020,274315
11/24/2020,278191
11/25/2020,281883
11/26/2020,285672
11/27/2020,291221
11/28/2020,295475
11/29/2020,299095
11/30/2020,304595
12/1/2020,309557
12/2/2020,314529
12/3/2020,319250
12/4/2020,324802
12/5/2020,329676
12/6/2020,334375
12/7/2020,344034
12/8/2020,349629
12/9/2020,355401
12/10/2020,361020
12/11/2020,367837
12/12/2020,373898
12/13/2020,378653
12/14/2020,385021
12/15/2020,391435
12/16/2020,397217
12/17/2020,403667
12/18/2020,410988
12/19/2020,416901
12/20/2020,422175
12/21/2020,429372
12/22/2020,437458
12/23/2020,444166
12/24/2020,448119
12/25/2020,448829
12/26/2020,450669
12/27/2020,461134
12/28/2020,473200
12/29/2020,482944
12/30/2020,490229
12/31/2020,493638
1/1/2021,494437
1/2/2021,497492
1/3/2021,510595
1/4/2021,523448
1/5/2021,529580
1/6/2021,537024
1/7/2021,544047
1/8/2021,551983
1/9/2021,558594
1/10/2021,565049
1/11/2021,575152
1/12/2021,582822
1/13/2021,591131
1/14/2021,599753
1/15/2021,608322
1/16/2021,614692
1/17/2021,621857
1/18/2021,629547
1/19/2021,637132
1/20/2021,644967
1/21/2021,652246
1/22/2021,659185
1/23/2021,663552
1/24/2021,670938
1/25/2021,677636
1/26/2021,684817
1/27/2021,690369
1/28/2021,695578
1/29/2021,701306
1/30/2021,706285
1/31/2021,710699
2/1/2021,718049
2/2/2021,722002
2/3/2021,726258
2/4/2021,729768
2/5/2021,726095
2/6/2021,729371
2/7/2021,732688
2/8/2021,752390
2/9/2021,756588
2/10/2021,760476
2/11/2021,763979
2/12/2021,767170
2/13/2021,769007
2/14/2021,771956
2/15/2021,774703
2/16/2021,782150
2/17/2021,785508
2/18/2021,789108
2/19/2021,792455
2/20/2021,795451
2/21/2021,798129
2/22/2021,801678
2/23/2021,805428
2/24/2021,808449
2/25/2021,811551
2/26/2021,814559
2/27/2021,816972
2/28/2021,819420
3/1/2021,823249
3/2/2021,826172
3/3/2021,829287
3/4/2021,832084
3/5/2021,834868
3/6/2021,837730
3/7/2021,839824
3/8/2021,843901
3/9/2021,846931
3/10/2021,849784
3/11/2021,852439
3/12/2021,855849
3/13/2021,858330
3/14/2021,860779
3/15/2021,864624
3/16/2021,867542
3/17/2021,870725
3/18/2021,873615
3/19/2021,876936
3/20/2021,879517
3/21/2021,882026
3/22/2021,886109
3/23/2021,889247
3/24/2021,892201
3/25/2021,895645
3/26/2021,899230
3/27/2021,902074
3/28/2021,904909
3/29/2021,909540
3/30/2021,912684
3/31/2021,918581
4/1/2021,922632
4/2/2021,924144
4/3/2021,929085
4/4/2021,930750
4/5/2021,937403
4/6/2021,945550
4/7/2021,950990
4/8/2021,956665
4/9/2021,962451
4/10/2021,967364
4/11/2021,972153
4/12/2021,979856
4/13/2021,986199
4/14/2021,992740
4/15/2021,999374
4/16/2021,1006819
4/17/2021,1013533
4/18/2021,1020054
4/19/2021,1030214
4/20/2021,1038181
4/21/2021,1046969
4/22/2021,1057653
4/23/2021,1066739
4/24/2021,1074073
4/25/2021,1081040
4/26/2021,1091032
4/27/2021,1099133
4/28/2021,1107448
4/29/2021,1116894
4/30/2021,1125237
5/1/2021,1131494
5/2/2021,1137041
5/3/2021,1148593
5/4/2021,1156625
5/5/2021,1164426
5/6/2021,1172437
5/7/2021,1180131
5/8/2021,1185870
5/9/2021,1191480
5/10/2021,1201850
5/11/2021,1209322
5/12/2021,1216611
5/13/2021,1223096
5/14/2021,1232005
5/15/2021,1237776
5/16/2021,1243121
5/17/2021,1253009
5/18/2021,1260105
5/19/2021,1267075
5/20/2021,1273440
5/21/2021,1279849
5/22/2021,1283944
5/23/2021,1287785
5/24/2021,1292891
5/25/2021,1300280
5/26/2021,1305046
5/27/2021,1313603
5/28/2021,1318719
5/29/2021,1322602
5/30/2021,1325932
5/31/2021,1331521
6/1/2021,1335777
6/2/2021,1339517
6/3/2021,1342878
6/4/2021,1345844
6/5/2021,1348019
6/6/2021,1350278
6/7/2021,1353705
6/8/2021,1356098
6/9/2021,1358565
6/10/2021,1361024
6/11/2021,1363175
6/12/2021,1364946
6/13/2021,1366469
6/14/2021,1368941
6/15/2021,1370779
6/16/2021,1372542
6/17/2021,1374236
6/18/2021,1375709
6/19/2021,1376908
6/20/2021,1377881
6/21/2021,1379852
6/22/2021,1381123
6/23/2021,1382406
6/24/2021,1383379
6/25/2021,1384222
6/26/2021,1384925
6/27/2021,1385414
6/28/2021,1387528
6/29/2021,1388529
6/30/2021,1389487
7/1/2021,1389557
7/2/2021,1391197
7/3/2021,1391557
7/4/2021,1391882
7/5/2021,1393150
7/6/2021,1393753
7/7/2021,1394356
7/8/2021,1394861
7/9/2021,1395702
7/10/2021,1395951
7/11/2021,1396217
7/12/2021,1397111
7/13/2021,1397565
7/14/2021,1397993
7/15/2021,1398302
7/16/2021,1398654
7/17/2021,1398940
7/18/2021,1399230
7/19/2021,1399812
7/20/2021,1400194
7/21/2021,1400461
7/22/2021,1401177
7/23/2021,1401704
7/24/2021,1401834
7/25/2021,1402035
7/26/2021,1402588
7/27/2021,1402964
7/28/2021,1403323
7/29/2021,1403628
7/30/2021,1403960
7/31/2021,1404107
8/1/2021,1404244
8/2/2021,1404327
8/3/2021,1405529
8/4/2021,1405971
8/5/2021,0
8/6/2021,0
8/7/2021,0
8/8/2021,0
8/9/2021,0
8/10/2021,0
8/11/2021,0
8/12/2021,0
8/13/2021,0
8/14/2021,0
8/15/2021,0
8/16/2021,0
8/17/2021,0
8/18/2021,0
8/19/2021,0
8/20/2021,0
8/21/2021,0
8/22/2021,0
8/23/2021,0
8/24/2021,0
8/25/2021,0
8/26/2021,0
8/27/2021,0
8/28/2021,0
8/29/2021,0
8/30/2021,0
8/31/2021,0
9/1/2021,0
9/2/2021,0
9/3/2021,0
9/4/2021,0
9/5/2021,0
9/6/2021,0
9/7/2021,0
9/8/2021,0
9/9/2021,0
9/10/2021,0
9/11/2021,0
9/12/2021,0
9/13/2021,0
9/14/2021,0
9/15/2021,0
9/16/2021,0
9/17/2021,0
9/18/2021,0
9/19/2021,0
9/20/2021,0
9/21/2021,0
9/22/2021,0
9/23/2021,0
9/24/2021,0
9/25/2021,0
9/26/2021,0
9/27/2021,0
9/28/2021,0
9/29/2021,0
9/30/2021,0
10/1/2021,0
10/2/2021,0
10/3/2021,0
10/4/2021,0
10/5/2021,0
10/6/2021,0
10/7/2021,0
10/8/2021,0
10/9/2021,0
10/10/2021,0
10/11/2021,0
10/12/2021,0
10/13/2021,0
10/14/2021,0
10/15/2021,0
10/16/2021,0
10/17/2021,0
10/18/2021,0
10/19/2021,0
10/20/2021,0
10/21/2021,0
10/22/2021,0
10/23/2021,0
10/24/2021,0
10/25/2021,0
10/26/2021,0
10/27/2021,0
10/28/2021,0
10/29/2021,0
10/30/2021,0
10/31/2021,0
11/1/2021,0
11/2/2021,0
11/3/2021,0
11/4/2021,0
11/5/2021,0
11/6/2021,0
11/7/2021,0
11/8/2021,0
11/9/2021,0
11/10/2021,0
11/11/2021,0
11/12/2021,0
11/13/2021,0
11/14/2021,0
11/15/2021,0
11/16/2021,0
11/17/2021,0
11/18/2021,0
11/19/2021,0
11/20/2021,0
11/21/2021,0
11/22/2021,0
11/23/2021,0
11/24/2021,0
11/25/2021,0
11/26/2021,0
11/27/2021,0
11/28/2021,0
11/29/2021,0
11/30/2021,0
12/1/2021,0
12/2/2021,0
12/3/2021,0
12/4/2021,0
12/5/2021,0
12/6/2021,0
12/7/2021,0
12/8/2021,0
12/9/2021,0
12/10/2021,0
12/11/2021,0
12/12/2021,0
12/13/2021,0
12/14/2021,0
12/15/2021,0
12/16/2021,0
12/17/2021,0
12/18/2021,0
12/19/2021,0
12/20/2021,0
12/21/2021,0
12/22/2021,0
12/23/2021,0
12/24/2021,0
12/25/2021,0
12/26/2021,0
12/27/2021,0
12/28/2021,0
12/29/2021,0
12/30/2021,0
12/31/2021,0
1/1/2022,0
1/2/2022,0
1/3/2022,0
1/4/2022,0
1/5/2022,0
1/6/2022,0
1/7/2022,0
1/8/2022,0
1/9/2022,0
1/10/2022,0
1/11/2022,0
1/12/2022,0
1/13/2022,0
1/14/2022,0
1/15/2022,0
1/16/2022,0
1/17/2022,0
1/18/2022,0
1/19/2022,0
1/20/2022,0
1/21/2022,0
1/22/2022,0
1/23/2022,0
1/24/2022,0
1/25/2022,0
1/26/2022,0
1/27/2022,0
1/28/2022,0
1/29/2022,0
1/30/2022,0
1/31/2022,0
2/1/2022,0
2/2/2022,0
2/3/2022,0
2/4/2022,0
2/5/2022,0
2/6/2022,0
2/7/2022,0
2/8/2022,0
2/9/2022,0
2/10/2022,0
2/11/2022,0
2/12/2022,0
2/13/2022,0
2/14/2022,0
2/15/2022,0
2/16/2022,0
2/17/2022,0
2/18/2022,0
2/19/2022,0
2/20/2022,0
2/21/2022,0
2/22/2022,0
2/23/2022,0
2/24/2022,0
2/25/2022,0
2/26/2022,0
2/27/2022,0
2/28/2022,0
3/1/2022,0
3/2/2022,0
3/3/2022,0
3/4/2022,0
3/5/2022,0
3/6/2022,0
3/7/2022,0
3/8/2022,0
3/9/2022,0
3/10/2022,0
3/11/2022,0
3/12/2022,0
3/13/2022,0
3/14/2022,0
3/15/2022,0
3/16/2022,0
3/17/2022,0
3/18/2022,0
3/19/2022,0
3/20/2022,0
3/21/2022,0
3/22/2022,0
3/23/2022,0
3/24/2022,0
3/25/2022,0
3/26/2022,0
3/27/2022,0
3/28/2022,0
3/29/2022,0
3/30/2022,0
3/31/2022,0
4/1/2022,0
4/2/2022,0
4/3/2022,0
4/4/2022,0
4/5/2022,0
4/6/2022,0
4/7/2022,0
4/8/2022,0
4/9/2022,0
4/10/2022,0
4/11/2022,0
4/12/2022,0
4/13/2022,0
4/14/2022,0
4/15/2022,0
4/16/2022,0
4/17/2022,0
4/18/2022,0
4/19/2022,0
4/20/2022,0
4/21/2022,0
4/22/2022,0
4/23/2022,0
4/24/2022,0
4/25/2022,0
4/26/2022,0
4/27/2022,0
4/28/2022,0
4/29/2022,0
4/30/2022,0
5/1/2022,0
5/2/2022,0
5/3/2022,0
5/4/2022,0
5/5/2022,0
5/6/2022,0
5/7/2022,0
5/8/2022,0
5/9/2022,0
5/10/2022,0
5/11/2022,0
5/12/2022,0
5/13/2022,0
5/14/2022,0
5/15/2022,0
5/16/2022,0
5/17/2022,0
5/18/2022,0
5/19/2022,0
5/20/2022,0
5/21/2022,0
5/22/2022,0
5/23/2022,0
5/24/2022,0
5/25/2022,0
5/26/2022,0
5/27/2022,0
5/28/2022,0
5/29/2022,0
5/30/2022,0
5/31/2022,0
6/1/2022,0
6/2/2022,0
6/3/2022,0
6/4/2022,0
6/5/2022,0
6/6/2022,0
6/7/2022,0
6/8/2022,0
6/9/2022,0
6/10/2022,0
6/11/2022,0
6/12/2022,0
6/13/2022,0
6/14/2022,0
6/15/2022,0
6/16/2022,0
6/17/2022,0
6/18/2022,0
6/19/2022,0
6/20/2022,0
6/21/2022,0
6/22/2022,0
6/23/2022,0
6/24/2022,0
6/25/2022,0
6/26/2022,0
6/27/2022,0
6/28/2022,0
6/29/2022,0
6/30/2022,0
7/1/2022,0
7/2/2022,0
7/3/2022,0
7/4/2022,0
7/5/2022,0
7/6/2022,0
7/7/2022,0
7/8/2022,0
7/9/2022,0
7/10/2022,0
7/11/2022,0
7/12/2022,0
7/13/2022,0
7/14/2022,0
7/15/2022,0
7/16/2022,0
7/17/2022,0
7/18/2022,0
7/19/2022,0
7/20/2022,0
7/21/2022,0
7/22/2022,0
7/23/2022,0
7/24/2022,0
7/25/2022,0
7/26/2022,0
7/27/2022,0
7/28/2022,0
7/29/2022,0
7/30/2022,0
7/31/2022,0
8/1/2022,0
8/2/2022,0
8/3/2022,0
8/4/2022,0
8/5/2022,0
8/6/2022,0
8/7/2022,0
8/8/2022,0
8/9/2022,0
8/10/2022,0
8/11/2022,0
8/12/2022,0
8/13/2022,0
8/14/2022,0
8/15/2022,0
8/16/2022,0
8/17/2022,0
8/18/2022,0
8/19/2022,0
8/20/2022,0
8/21/2022,0
8/22/2022,0
8/23/2022,0
8/24/2022,0
8/25/2022,0
8/26/2022,0
8/27/2022,0
8/28/2022,0
8/29/2022,0
8/30/2022,0
8/31/2022,0
9/1/2022,0
9/2/2022,0
9/3/2022,0
9/4/2022,0
9/5/2022,0
9/6/2022,0
9/7/2022,0
9/8/2022,0
9/9/2022,0
9/10/2022,0
9/11/2022,0
9/12/2022,0
9/13/2022,0
9/14/2022,0
9/15/2022,0
9/16/2022,0
9/17/2022,0
9/18/2022,0
9/19/2022,0
9/20/2022,0
9/21/2022,0
9/22/2022,0
9/23/2022,0
9/24/2022,0
9/25/2022,0
9/26/2022,0
9/27/2022,0
9/28/2022,0
9/29/2022,0
9/30/2022,0
10/1/2022,0
10/2/2022,0
10/3/2022,0
10/4/2022,0
10/5/2022,0
10/6/2022,0
10/7/2022,0
10/8/2022,0
10/9/2022,0
10/10/2022,0
10/11/2022,0
10/12/2022,0
10/13/2022,0
10/14/2022,0
10/15/2022,0
10/16/2022,0
10/17/2022,0
10/18/2022,0
10/19/2022,0
10/20/2022,0
10/21/2022,0
10/22/2022,0
10/23/2022,0
10/24/2022,0
10/25/2022,0
10/26/2022,0
10/27/2022,0
10/28/2022,0
10/29/2022,0
10/30/2022,0
10/31/2022,0
11/1/2022,0
11/2/2022,0
11/3/2022,0
11/4/2022,0
11/5/2022,0
11/6/2022,0
11/7/2022,0
11/8/2022,0
11/9/2022,0
11/10/2022,0
11/11/2022,0
11/12/2022,0
11/13/2022,0
11/14/2022,0
11/15/2022,0
11/16/2022,0
11/17/2022,0
11/18/2022,0
11/19/2022,0
11/20/2022,0
11/21/2022,0
11/22/2022,0
11/23/2022,0
11/24/2022,0
11/25/2022,0
11/26/2022,0
11/27/2022,0
11/28/2022,0
11/29/2022,0
11/30/2022,0
12/1/2022,0
12/2/2022,0
12/3/2022,0
12/4/2022,0
12/5/2022,0
12/6/2022,0
12/7/2022,0
12/8/2022,0
12/9/2022,0
12/10/2022,0
12/11/2022,0
12/12/2022,0
12/13/2022,0
12/14/2022,0
12/15/2022,0
12/16/2022,0
12/17/2022,0
12/18/2022,0
12/19/2022,0
12/20/2022,0
12/21/2022,0
12/22/2022,0
12/23/2022,0
12/24/2022,0
12/25/2022,0
12/26/2022,0
12/27/2022,0
12/28/2022,0
12/29/2022,0
12/30/2022,0
12/31/2022,0
1/1/2023,0
1/2/2023,0
1/3/2023,0
1/4/2023,0
1/5/2023,0
1/6/2023,0
1/7/2023,0
1/8/2023,0
1/9/2023,0
1/10/2023,0
1/11/2023,0
1/12/2023,0
1/13/2023,0
1/14/2023,0
1/15/2023,0
1/16/2023,0
1/17/2023,0
1/18/2023,0
1/19/2023,0
1/20/2023,0
1/21/2023,0
1/22/2023,0
1/23/2023,0
1/24/2023,0
1/25/2023,0
1/26/2023,0
1/27/2023,0
1/28/2023,0
1/29/2023,0
1/30/2023,0
1/31/2023,0
2/1/2023,0
2/2/2023,0
2/3/2023,0
2/4/2023,0
2/5/2023,0
2/6/2023,0
2/7/2023,0
2/8/2023,0
2/9/2023,0
2/10/2023,0
2/11/2023,0
2/12/2023,0
2/13/2023,0
2/14/2023,0
2/15/2023,0
2/16/2023,0
2/17/2023,0
2/18/2023,0
2/19/2023,0
2/20/2023,0
2/21/2023,0
2/22/2023,0
2/23/2023,0
2/24/2023,0
2/25/2023,0
2/26/2023,0
2/27/2023,0
2/28/2023,0
3/1/2023,0
3/2/2023,0
3/3/2023,0
3/4/2023,0
3/5/2023,0
3/6/2023,0
3/7/2023,0
3/8/2023,0
3/9/2023,0
