Province/State,Alberta,British Columbia,Diamond Princess,Grand Princess,Manitoba,New Brunswick,Newfoundland and Labrador,Northwest Territories,Nova Scotia,Nunavut,Ontario,Prince Edward Island,Quebec,Repatriated Travellers,Saskatchewan,Yukon,Total_death
1/22/2020,0,0,0,0,0,0,0,0,0,0,0,0,0,0,0,0,0
1/23/2020,0,0,0,0,0,0,0,0,0,0,0,0,0,0,0,0,0
1/24/2020,0,0,0,0,0,0,0,0,0,0,0,0,0,0,0,0,0
1/25/2020,0,0,0,0,0,0,0,0,0,0,0,0,0,0,0,0,0
1/26/2020,0,0,0,0,0,0,0,0,0,0,0,0,0,0,0,0,0
1/27/2020,0,0,0,0,0,0,0,0,0,0,0,0,0,0,0,0,0
1/28/2020,0,0,0,0,0,0,0,0,0,0,0,0,0,0,0,0,0
1/29/2020,0,0,0,0,0,0,0,0,0,0,0,0,0,0,0,0,0
1/30/2020,0,0,0,0,0,0,0,0,0,0,0,0,0,0,0,0,0
1/31/2020,0,0,0,0,0,0,0,0,0,0,0,0,0,0,0,0,0
2/1/2020,0,0,0,0,0,0,0,0,0,0,0,0,0,0,0,0,0
2/2/2020,0,0,0,0,0,0,0,0,0,0,0,0,0,0,0,0,0
2/3/2020,0,0,0,0,0,0,0,0,0,0,0,0,0,0,0,0,0
2/4/2020,0,0,0,0,0,0,0,0,0,0,0,0,0,0,0,0,0
2/5/2020,0,0,0,0,0,0,0,0,0,0,0,0,0,0,0,0,0
2/6/2020,0,0,0,0,0,0,0,0,0,0,0,0,0,0,0,0,0
2/7/2020,0,0,0,0,0,0,0,0,0,0,0,0,0,0,0,0,0
2/8/2020,0,0,0,0,0,0,0,0,0,0,0,0,0,0,0,0,0
2/9/2020,0,0,0,0,0,0,0,0,0,0,0,0,0,0,0,0,0
2/10/2020,0,0,0,0,0,0,0,0,0,0,0,0,0,0,0,0,0
2/11/2020,0,0,0,0,0,0,0,0,0,0,0,0,0,0,0,0,0
2/12/2020,0,0,0,0,0,0,0,0,0,0,0,0,0,0,0,0,0
2/13/2020,0,0,0,0,0,0,0,0,0,0,0,0,0,0,0,0,0
2/14/2020,0,0,0,0,0,0,0,0,0,0,0,0,0,0,0,0,0
2/15/2020,0,0,0,0,0,0,0,0,0,0,0,0,0,0,0,0,0
2/16/2020,0,0,0,0,0,0,0,0,0,0,0,0,0,0,0,0,0
2/17/2020,0,0,0,0,0,0,0,0,0,0,0,0,0,0,0,0,0
2/18/2020,0,0,0,0,0,0,0,0,0,0,0,0,0,0,0,0,0
2/19/2020,0,0,0,0,0,0,0,0,0,0,0,0,0,0,0,0,0
2/20/2020,0,0,0,0,0,0,0,0,0,0,0,0,0,0,0,0,0
2/21/2020,0,0,0,0,0,0,0,0,0,0,0,0,0,0,0,0,0
2/22/2020,0,0,0,0,0,0,0,0,0,0,0,0,0,0,0,0,0
2/23/2020,0,0,0,0,0,0,0,0,0,0,0,0,0,0,0,0,0
2/24/2020,0,0,0,0,0,0,0,0,0,0,0,0,0,0,0,0,0
2/25/2020,0,0,0,0,0,0,0,0,0,0,0,0,0,0,0,0,0
2/26/2020,0,0,0,0,0,0,0,0,0,0,0,0,0,0,0,0,0
2/27/2020,0,0,0,0,0,0,0,0,0,0,0,0,0,0,0,0,0
2/28/2020,0,0,0,0,0,0,0,0,0,0,0,0,0,0,0,0,0
2/29/2020,0,0,0,0,0,0,0,0,0,0,0,0,0,0,0,0,0
3/1/2020,0,0,0,0,0,0,0,0,0,0,0,0,0,0,0,0,0
3/2/2020,0,0,0,0,0,0,0,0,0,0,0,0,0,0,0,0,0
3/3/2020,0,0,0,0,0,0,0,0,0,0,0,0,0,0,0,0,0
3/4/2020,0,0,0,0,0,0,0,0,0,0,0,0,0,0,0,0,0
3/5/2020,0,0,0,0,0,0,0,0,0,0,0,0,0,0,0,0,0
3/6/2020,0,0,0,0,0,0,0,0,0,0,0,0,0,0,0,0,0
3/7/2020,0,0,0,0,0,0,0,0,0,0,0,0,0,0,0,0,0
3/8/2020,0,0,0,0,0,0,0,0,0,0,0,0,0,0,0,0,0
3/9/2020,0,1,0,0,0,0,0,0,0,0,0,0,0,0,0,0,1
3/10/2020,0,1,0,0,0,0,0,0,0,0,0,0,0,0,0,0,1
3/11/2020,0,1,0,0,0,0,0,0,0,0,0,0,0,0,0,0,1
3/12/2020,0,1,0,0,0,0,0,0,0,0,0,0,0,0,0,0,1
3/13/2020,0,1,0,0,0,0,0,0,0,0,0,0,0,0,0,0,1
3/14/2020,0,1,0,0,0,0,0,0,0,0,0,0,0,0,0,0,1
3/15/2020,0,1,0,0,0,0,0,0,0,0,0,0,0,0,0,0,1
3/16/2020,0,4,0,0,0,0,0,0,0,0,0,0,0,0,0,0,4
3/17/2020,0,4,0,0,0,0,0,0,0,0,1,0,1,0,0,0,6
3/18/2020,0,7,0,0,0,0,0,0,0,0,1,0,3,0,0,0,11
3/19/2020,0,7,0,0,0,0,0,0,0,0,2,0,3,0,0,0,12
3/20/2020,1,8,0,0,0,0,0,0,0,0,2,0,4,0,0,0,15
3/21/2020,1,10,0,0,0,0,0,0,0,0,2,0,5,0,0,0,18
3/22/2020,1,10,1,0,0,0,0,0,0,0,5,0,5,0,0,0,22
3/23/2020,1,13,1,0,0,0,0,0,0,0,6,0,8,0,0,0,29
3/24/2020,1,13,1,0,0,0,0,0,0,0,8,0,11,0,0,0,34
3/25/2020,2,13,1,0,0,0,0,0,0,0,13,0,18,0,0,0,47
3/26/2020,2,14,1,0,0,0,0,0,0,0,15,0,27,0,0,0,59
3/27/2020,2,14,1,0,1,0,0,0,0,0,18,0,30,0,0,0,66
3/28/2020,2,17,1,0,1,0,0,0,0,0,19,0,43,0,0,0,83
3/29/2020,2,17,1,0,1,0,0,0,0,0,23,0,54,0,0,0,98
3/30/2020,3,19,1,0,1,0,1,0,0,0,23,0,67,0,2,0,117
3/31/2020,8,24,1,0,1,0,1,0,0,0,33,0,82,0,2,0,152
4/1/2020,9,24,1,0,1,0,1,0,0,0,37,0,99,0,3,0,175
4/2/2020,13,31,1,0,1,0,1,0,0,0,53,0,121,0,3,0,224
4/3/2020,13,31,1,0,2,0,1,0,0,0,67,0,159,0,3,0,277
4/4/2020,18,38,1,0,2,0,1,0,0,0,94,0,203,0,3,0,360
4/5/2020,20,38,1,0,2,0,1,0,0,0,119,0,251,0,3,0,435
4/6/2020,23,38,1,0,2,0,2,0,0,0,132,0,302,0,3,0,503
4/7/2020,24,39,1,0,3,0,2,0,0,0,153,0,356,0,3,0,581
4/8/2020,26,43,1,0,3,0,2,0,1,0,174,1,416,0,3,0,670
4/9/2020,29,48,1,0,3,0,3,0,2,0,200,0,484,0,3,0,773
4/10/2020,32,50,1,0,3,0,3,0,2,0,222,0,551,0,3,0,867
4/11/2020,40,58,1,0,4,0,3,0,2,0,253,0,621,0,4,0,986
4/12/2020,40,58,1,0,4,0,3,0,2,0,274,0,709,0,4,0,1095
4/13/2020,46,69,1,0,4,0,3,0,3,0,291,0,804,0,4,0,1225
4/14/2020,48,69,1,0,4,0,3,0,3,0,334,0,895,0,4,0,1361
4/15/2020,48,72,1,0,5,0,3,0,3,0,385,0,994,0,4,0,1515
4/16/2020,48,75,1,0,5,0,3,0,3,0,423,0,1089,0,4,0,1651
4/17/2020,50,77,1,0,5,0,3,0,4,0,478,0,1176,0,4,0,1798
4/18/2020,51,78,1,0,5,0,3,0,7,0,514,0,1274,0,4,0,1937
4/19/2020,51,81,1,0,5,0,3,0,9,0,553,0,1400,0,4,0,2107
4/20/2020,59,82,1,0,6,0,3,0,9,0,584,0,1503,0,4,0,2251
4/21/2020,61,87,1,0,6,0,3,0,10,0,622,0,1618,0,4,0,2412
4/22/2020,66,90,1,0,6,0,3,0,12,0,659,0,1735,0,4,0,2576
4/23/2020,68,94,1,0,6,0,3,0,16,0,713,0,1852,0,4,0,2757
4/24/2020,72,98,1,0,6,0,3,0,16,0,763,0,1968,0,4,0,2931
4/25/2020,73,100,1,0,6,0,3,0,22,0,811,0,2092,0,4,0,3112
4/26/2020,73,100,1,0,6,0,3,0,24,0,835,0,2203,0,4,0,3249
4/27/2020,75,104,1,0,6,0,3,0,24,0,892,0,2318,0,5,0,3428
4/28/2020,80,106,1,0,6,0,3,0,27,0,951,0,2456,0,5,0,3635
4/29/2020,87,109,1,0,6,0,3,0,28,0,996,0,2607,0,6,0,3843
4/30/2020,90,111,1,0,6,0,3,0,28,0,1082,0,2728,0,6,0,4055
5/1/2020,92,112,1,0,6,0,3,0,29,0,1121,0,2866,0,6,0,4236
5/2/2020,94,114,1,0,6,0,3,0,31,0,1176,0,2981,0,6,0,4412
5/3/2020,95,114,1,0,6,0,3,0,37,0,1216,0,3080,0,6,0,4558
5/4/2020,104,117,1,0,6,0,3,0,38,0,1300,0,3189,0,6,0,4764
5/5/2020,106,121,1,0,7,0,3,0,41,0,1361,0,3290,0,6,0,4936
5/6/2020,112,124,1,0,7,0,3,0,41,0,1429,0,3385,0,6,0,5108
5/7/2020,114,126,1,0,7,0,3,0,44,0,1477,0,3478,0,6,0,5256
5/8/2020,115,127,1,0,7,0,3,0,46,0,1540,0,3569,0,6,0,5414
5/9/2020,116,129,1,0,7,0,3,0,47,0,1599,0,3668,0,6,0,5576
5/10/2020,117,129,1,0,7,0,3,0,47,0,1634,0,3760,0,6,0,5704
5/11/2020,117,130,1,0,7,0,3,0,48,0,1669,0,3855,0,6,0,5836
5/12/2020,118,132,1,0,7,0,3,0,48,0,1725,0,3939,0,6,0,5979
5/13/2020,120,132,1,0,7,0,3,0,51,0,1765,0,4006,0,6,0,6091
5/14/2020,121,135,1,0,7,0,3,0,51,0,1798,0,4091,0,6,0,6213
5/15/2020,125,140,1,0,7,0,3,0,55,0,1825,0,4175,0,6,0,6337
5/16/2020,126,141,1,0,7,0,3,0,55,0,1858,0,4255,0,6,0,6452
5/17/2020,127,141,1,0,7,0,3,0,55,0,1881,0,4321,0,6,0,6542
5/18/2020,128,143,1,0,7,0,3,0,55,0,1904,0,4390,0,6,0,6637
5/19/2020,128,146,1,0,7,0,3,0,56,0,1919,0,4448,0,6,0,6714
5/20/2020,128,149,1,0,7,0,3,0,57,0,1962,0,4519,0,6,0,6832
5/21/2020,132,152,1,0,7,0,3,0,58,0,1993,0,4580,0,7,0,6933
5/22/2020,134,155,1,0,7,0,3,0,58,0,2021,0,4650,0,7,0,7036
5/23/2020,135,157,1,0,7,0,3,0,58,0,2048,0,4713,0,7,0,7129
5/24/2020,135,157,1,0,7,0,3,0,58,0,2073,0,4777,0,7,0,7218
5/25/2020,138,161,1,0,7,0,3,0,58,0,2102,0,4835,0,7,0,7312
5/26/2020,139,161,1,0,7,0,3,0,59,0,2123,0,4899,0,8,0,7400
5/27/2020,141,162,1,0,7,0,3,0,59,0,2155,0,4959,0,10,0,7497
5/28/2020,143,164,1,0,7,0,3,0,59,0,2189,0,5038,0,10,0,7614
5/29/2020,143,164,1,0,7,0,3,0,59,0,2230,0,5097,0,10,0,7714
5/30/2020,143,164,1,0,7,0,3,0,60,0,2247,0,5137,0,10,0,7772
5/31/2020,143,164,1,0,7,0,3,0,60,0,2266,0,5173,0,11,0,7828
6/1/2020,143,165,1,0,7,0,3,0,60,0,2276,0,5209,0,11,0,7875
6/2/2020,143,165,1,0,7,0,3,0,60,0,2293,0,5243,0,11,0,7926
6/3/2020,145,166,1,0,7,0,3,0,60,0,2312,0,5277,0,11,0,7982
6/4/2020,146,166,1,0,7,1,3,0,61,0,2357,0,5294,0,11,0,8047
6/5/2020,146,167,1,0,7,1,3,0,61,0,2372,0,5323,0,11,0,8092
6/6/2020,146,167,1,0,7,1,3,0,61,0,2407,0,5348,0,11,0,8152
6/7/2020,146,167,1,0,7,1,3,0,61,0,2426,0,5370,0,11,0,8193
6/8/2020,149,167,1,0,7,1,3,0,61,0,2450,0,5387,0,13,0,8239
6/9/2020,151,167,1,0,7,1,3,0,62,0,2464,0,5406,0,13,0,8275
6/10/2020,151,167,1,0,7,1,3,0,62,0,2475,0,5425,0,13,0,8305
6/11/2020,149,167,1,0,7,1,3,0,62,0,2487,0,5447,0,13,0,8337
6/12/2020,149,168,1,0,7,1,3,0,62,0,2498,0,5465,0,13,0,8367
6/13/2020,150,168,1,0,7,2,3,0,62,0,2507,0,5482,0,13,0,8395
6/14/2020,150,168,1,0,7,2,3,0,62,0,2519,0,5493,0,13,0,8418
6/15/2020,151,168,1,0,7,2,3,0,62,0,2527,0,5511,0,13,0,8445
6/16/2020,151,168,1,0,7,2,3,0,62,0,2538,0,5519,0,13,0,8464
6/17/2020,151,168,1,0,7,2,3,0,62,0,2550,0,5528,0,13,0,8485
6/18/2020,152,168,1,0,7,2,3,0,62,0,2553,0,5534,0,13,0,8495
6/19/2020,152,168,1,0,7,2,3,0,62,0,2564,0,5547,0,13,0,8519
6/20/2020,152,168,1,0,7,2,3,0,62,0,2595,0,5551,0,13,0,8554
6/21/2020,152,168,1,0,7,2,3,0,62,0,2606,0,5561,0,13,0,8575
6/22/2020,153,169,1,0,7,2,3,0,63,0,2609,0,5569,0,13,0,8589
6/23/2020,153,170,1,0,7,2,3,0,63,0,2619,0,5582,0,13,0,8613
6/24/2020,153,171,1,0,7,2,3,0,63,0,2631,0,5597,0,13,0,8641
6/25/2020,154,173,1,0,7,2,3,0,63,0,2641,0,5604,0,13,0,8661
6/26/2020,154,174,1,0,7,2,3,0,63,0,2644,0,5607,0,13,0,8668
6/27/2020,154,174,1,0,7,2,3,0,63,0,2652,0,5611,0,13,0,8680
6/28/2020,154,174,1,0,7,2,3,0,63,0,2658,0,5615,0,13,0,8690
6/29/2020,154,174,1,0,7,2,3,0,63,0,2665,0,5625,0,13,0,8707
6/30/2020,154,174,1,0,7,2,3,0,63,0,2672,0,5633,0,13,0,8722
7/1/2020,154,174,1,0,7,2,3,0,63,0,2676,0,5639,0,13,0,8732
7/2/2020,155,177,1,0,7,2,3,0,63,0,2680,0,5647,0,14,0,8749
7/3/2020,155,177,1,0,7,2,3,0,63,0,2682,0,5651,0,14,0,8755
7/4/2020,155,177,1,0,7,2,3,0,63,0,2687,0,5655,0,14,0,8764
7/5/2020,155,177,1,0,7,2,3,0,63,0,2689,0,5658,0,14,0,8769
7/6/2020,155,183,1,0,7,2,3,0,63,0,2689,0,5665,0,14,0,8782
7/7/2020,157,183,1,0,7,2,3,0,63,0,2691,0,5668,0,15,0,8790
7/8/2020,158,186,1,0,7,2,3,0,63,0,2700,0,5672,0,15,0,8807
7/9/2020,161,186,1,0,7,2,3,0,63,0,2703,0,5677,0,15,0,8818
7/10/2020,161,187,1,0,7,2,3,0,63,0,2710,0,5680,0,15,0,8829
7/11/2020,160,187,1,0,7,2,3,0,63,0,2716,0,5684,0,15,0,8838
7/12/2020,160,187,1,0,7,2,3,0,63,0,2719,0,5685,0,15,0,8842
7/13/2020,161,189,1,0,7,2,3,0,63,0,2722,0,5687,0,15,0,8850
7/14/2020,163,189,1,0,7,2,3,0,63,0,2723,0,5688,0,15,0,8854
7/15/2020,163,189,1,0,7,2,3,0,63,0,2732,0,5693,0,15,0,8868
7/16/2020,165,189,1,0,7,2,3,0,63,0,2737,0,5697,0,15,0,8879
7/17/2020,167,189,1,0,7,2,3,0,63,0,2746,0,5699,0,15,0,8892
7/18/2020,167,189,1,0,7,2,3,0,63,0,2748,0,5701,0,15,0,8896
7/19/2020,167,189,1,0,7,2,3,0,63,0,2751,0,5702,0,15,0,8900
7/20/2020,170,189,1,0,7,2,3,0,63,0,2752,0,5702,0,15,0,8904
7/21/2020,172,189,1,0,7,2,3,0,63,0,2753,0,5704,0,15,0,8909
7/22/2020,172,189,1,0,7,2,3,0,63,0,2755,0,5707,0,15,0,8914
7/23/2020,176,190,1,0,7,2,3,0,63,0,2755,0,5709,0,16,0,8922
7/24/2020,178,190,1,0,7,2,3,0,63,0,2758,0,5710,0,16,0,8928
7/25/2020,178,191,1,0,7,2,3,0,63,0,2759,0,5711,0,16,0,8931
7/26/2020,178,191,1,0,7,2,3,0,63,0,2763,0,5711,0,16,0,8935
7/27/2020,186,193,1,0,7,2,3,0,63,0,2764,0,5713,0,16,0,8948
7/28/2020,187,194,1,0,8,2,3,0,63,0,2768,0,5714,0,17,0,8957
7/29/2020,190,194,1,0,8,2,3,0,64,0,2769,0,5714,0,17,0,8962
7/30/2020,195,194,1,0,8,2,3,0,64,0,2772,0,5718,0,18,0,8975
7/31/2020,196,195,1,0,8,2,3,0,64,0,2775,0,5719,0,18,0,8981
8/1/2020,196,195,1,0,8,2,3,0,64,0,2777,0,5721,0,18,0,8985
8/2/2020,196,195,1,0,8,2,3,0,64,0,2778,0,5723,0,18,0,8988
8/3/2020,196,195,1,0,8,2,3,0,64,0,2778,0,5723,0,18,0,8988
8/4/2020,201,195,1,0,8,2,3,0,64,0,2782,0,5723,0,18,0,8997
8/5/2020,203,195,1,0,8,2,3,0,64,0,2782,0,5726,0,18,0,9002
8/6/2020,205,195,1,0,8,2,3,0,64,0,2783,0,5729,0,19,0,9009
8/7/2020,208,195,1,0,8,2,3,0,64,0,2783,0,5730,0,20,0,9014
8/8/2020,208,195,1,0,8,2,3,0,64,0,2784,0,5732,0,20,0,9017
8/9/2020,208,195,1,0,8,2,3,0,64,0,2786,0,5734,0,20,0,9021
8/10/2020,213,195,1,0,8,2,3,0,64,0,2786,0,5736,0,20,0,9028
8/11/2020,216,195,1,0,8,2,3,0,64,0,2786,0,5739,0,20,0,9034
8/12/2020,217,195,1,0,8,2,3,0,64,0,2787,0,5742,0,20,0,9039
8/13/2020,220,196,1,0,8,2,3,0,64,0,2787,0,5743,0,20,0,9044
8/14/2020,221,196,1,0,8,2,3,0,64,0,2788,0,5745,0,20,0,9048
8/15/2020,221,196,1,0,9,2,3,0,64,0,2789,0,5748,0,21,0,9054
8/16/2020,221,196,1,0,9,2,3,0,64,0,2789,0,5752,0,22,0,9059
8/17/2020,221,196,1,0,9,2,3,0,64,0,2789,0,5754,0,22,0,9061
8/18/2020,225,198,1,0,11,2,3,0,64,0,2793,0,5755,0,22,0,9074
8/19/2020,227,198,1,0,12,2,3,0,64,0,2792,0,5758,0,22,0,9079
8/20/2020,227,198,1,0,12,2,3,0,64,0,2793,0,5760,0,22,0,9082
8/21/2020,230,202,1,0,12,2,3,0,64,0,2796,0,5764,0,22,0,9096
8/22/2020,230,202,1,0,12,2,3,0,64,0,2797,0,5764,0,22,0,9097
8/23/2020,230,202,1,0,12,2,3,0,65,0,2797,0,5767,0,22,0,9101
8/24/2020,234,203,1,0,12,2,3,0,65,0,2798,0,5769,0,22,0,9109
8/25/2020,235,203,1,0,13,2,3,0,65,0,2800,0,5769,0,23,0,9114
8/26/2020,235,203,1,0,13,2,3,0,65,0,2802,0,5770,0,24,0,9118
8/27/2020,237,204,1,0,14,2,3,0,65,0,2803,0,5770,0,24,0,9123
8/28/2020,237,204,1,0,14,2,3,0,65,0,2809,0,5776,0,24,0,9135
8/29/2020,237,204,1,0,14,2,3,0,65,0,2809,0,5778,0,24,0,9137
8/30/2020,237,204,1,0,14,2,3,0,65,0,2810,0,5779,0,24,0,9139
8/31/2020,239,208,1,0,14,2,3,0,65,0,2811,0,5780,0,24,0,9147
9/1/2020,241,209,1,0,14,2,3,0,65,0,2812,0,5780,0,24,0,9151
9/2/2020,242,209,1,0,14,2,3,0,65,0,2812,0,5781,0,24,0,9153
9/3/2020,242,210,1,0,16,2,3,0,65,0,2812,0,5783,0,24,0,9158
9/4/2020,242,211,1,0,16,2,3,0,65,0,2811,0,5783,0,24,0,9158
9/5/2020,242,211,1,0,16,2,3,0,65,0,2811,0,5784,0,24,0,9159
9/6/2020,242,211,1,0,16,2,3,0,65,0,2813,0,5784,0,24,0,9161
9/7/2020,242,211,1,0,16,2,3,0,65,0,2813,0,5786,0,24,0,9163
9/8/2020,247,213,1,0,16,2,3,0,65,0,2813,0,5786,0,24,0,9170
9/9/2020,247,213,1,0,16,2,3,0,65,0,2813,0,5790,0,24,0,9174
9/10/2020,253,213,1,0,16,2,3,0,65,0,2814,0,5791,0,24,0,9182
9/11/2020,253,213,1,0,16,2,3,0,65,0,2813,0,5791,0,24,0,9181
9/12/2020,253,213,1,0,16,2,3,0,65,0,2814,0,5793,0,24,0,9184
9/13/2020,253,213,1,0,16,2,3,0,65,0,2815,0,5796,0,24,0,9188
9/14/2020,254,219,1,0,16,2,3,0,65,0,2816,0,5800,0,24,0,9200
9/15/2020,254,219,1,0,16,2,3,0,65,0,2820,0,5803,0,24,0,9207
9/16/2020,254,219,1,0,16,2,3,0,65,0,2822,0,5806,0,24,0,9212
9/17/2020,254,220,1,0,16,2,3,0,65,0,2825,0,5809,0,24,0,9219
9/18/2020,255,223,1,0,16,2,3,0,65,0,2825,0,5815,0,24,0,9229
9/19/2020,255,223,1,0,16,2,3,0,65,0,2826,0,5821,0,24,0,9236
9/20/2020,255,223,1,0,16,2,3,0,65,0,2827,0,5823,0,24,0,9239
9/21/2020,256,227,1,0,18,2,3,0,65,0,2829,0,5825,0,24,0,9250
9/22/2020,258,227,1,0,18,2,3,0,65,0,2832,0,5828,0,24,0,9258
9/23/2020,260,227,1,0,18,2,3,0,65,0,2835,0,5832,0,24,0,9267
9/24/2020,261,227,1,0,19,2,3,0,65,0,2836,0,5838,0,24,0,9276
9/25/2020,261,230,1,0,20,2,3,0,65,0,2837,0,5840,0,24,0,9283
9/26/2020,261,230,1,0,19,2,3,0,65,0,2837,0,5846,0,24,0,9288
9/27/2020,261,230,1,0,19,2,3,0,65,0,2839,0,5850,0,24,0,9294
9/28/2020,265,233,1,0,20,2,3,0,65,0,2840,0,5858,0,24,0,9311
9/29/2020,266,234,1,0,20,2,3,0,65,0,2844,0,5866,0,24,0,9325
9/30/2020,267,234,1,0,20,2,3,0,65,0,2848,0,5879,0,24,0,9343
10/1/2020,269,235,1,0,20,2,3,0,65,0,2851,0,5889,0,24,0,9359
10/2/2020,272,238,1,0,21,2,3,0,65,0,2927,0,5896,0,24,0,9449
10/3/2020,272,238,1,0,22,2,4,0,65,0,2968,0,5905,0,24,0,9501
10/4/2020,272,238,1,0,23,2,4,0,65,0,2975,0,5915,0,24,0,9519
10/5/2020,280,242,1,0,23,2,4,0,65,0,2980,0,5923,0,24,0,9544
10/6/2020,281,244,1,0,24,2,4,0,65,0,2987,0,5934,0,24,0,9566
10/7/2020,281,244,1,0,27,2,4,0,65,0,2988,0,5949,0,24,0,9585
10/8/2020,283,245,1,0,27,2,4,0,65,0,2992,0,5960,0,24,0,9603
10/9/2020,283,245,1,0,30,2,4,0,65,0,2997,0,5966,0,24,0,9617
10/10/2020,283,245,1,0,32,2,4,0,65,0,3004,0,5983,0,24,0,9643
10/11/2020,283,245,1,0,32,2,4,0,65,0,3005,0,5995,0,25,0,9657
10/12/2020,283,245,1,0,34,2,4,0,65,0,3008,0,6005,0,25,0,9672
10/13/2020,286,250,1,0,35,2,4,0,65,0,3017,0,6015,0,25,0,9700
10/14/2020,287,250,1,0,37,2,4,0,65,0,3017,0,6035,0,25,0,9723
10/15/2020,288,250,1,0,38,2,4,0,65,0,3022,0,6045,0,25,0,9740
10/16/2020,288,251,1,0,38,2,4,0,65,0,3031,0,6065,0,25,0,9770
10/17/2020,288,251,1,0,38,2,4,0,65,0,3041,0,6072,0,25,0,9787
10/18/2020,288,251,1,0,40,3,4,0,65,0,3046,0,6082,0,25,0,9805
10/19/2020,292,253,1,0,42,3,4,0,65,0,3050,0,6103,0,25,0,9838
10/20/2020,293,254,1,0,42,3,4,0,65,0,3053,0,6115,0,25,0,9855
10/21/2020,296,256,1,0,43,4,4,0,65,0,3062,0,6137,0,25,0,9893
10/22/2020,296,256,1,0,47,4,4,0,65,0,3071,0,6155,0,25,0,9924
10/23/2020,300,256,1,0,48,4,4,0,65,0,3080,0,6170,0,25,0,9953
10/24/2020,300,256,1,0,50,4,4,0,65,0,3086,0,6189,0,25,0,9980
10/25/2020,300,256,1,0,54,6,4,0,65,0,3093,0,6205,0,25,0,10009
10/26/2020,307,259,1,0,55,6,4,0,65,0,3099,0,6222,0,25,0,10043
10/27/2020,309,259,1,0,58,6,4,0,65,0,3103,0,6240,0,25,0,10070
10/28/2020,313,261,1,0,61,6,4,0,65,0,3108,0,6263,0,25,0,10107
10/29/2020,318,262,1,0,62,6,4,0,65,0,3118,0,6279,0,25,0,10140
10/30/2020,323,263,1,0,65,6,4,0,65,0,3127,0,6305,0,25,1,10185
10/31/2020,323,263,1,0,67,6,4,0,65,0,3136,0,6335,0,25,1,10226
11/1/2020,323,263,1,0,75,6,4,0,65,0,3145,0,6355,0,25,1,10263
11/2/2020,323,269,1,0,80,6,4,0,65,0,3152,0,6366,0,25,1,10292
11/3/2020,338,272,1,0,85,6,4,0,65,0,3166,0,6386,0,25,1,10349
11/4/2020,338,273,1,0,87,6,4,0,65,0,3182,0,6409,0,25,1,10391
11/5/2020,343,273,1,0,91,6,4,0,65,0,3195,0,6430,0,25,1,10434
11/6/2020,352,275,1,0,96,6,4,0,65,0,3209,0,6456,0,25,1,10490
11/7/2020,357,276,1,0,103,6,4,0,65,0,3220,0,6477,0,27,1,10537
11/8/2020,363,276,1,0,106,6,4,0,65,0,3233,0,6506,0,28,1,10589
11/9/2020,369,281,1,0,109,6,4,0,65,0,3245,0,6537,0,29,1,10647
11/10/2020,376,284,1,0,114,6,4,0,65,0,3260,0,6569,0,29,1,10709
11/11/2020,383,284,1,0,123,6,4,0,65,0,3275,0,6599,0,29,1,10770
11/12/2020,393,288,1,0,132,6,4,0,65,0,3293,0,6634,0,29,1,10846
11/13/2020,398,290,1,0,137,6,4,0,65,0,3312,0,6652,0,29,1,10895
11/14/2020,401,290,1,0,152,6,4,0,65,0,3332,0,6677,0,29,1,10958
11/15/2020,407,290,1,0,162,6,4,0,65,0,3361,0,6703,0,31,1,11031
11/16/2020,427,299,1,0,172,6,4,0,65,0,3371,0,6728,0,31,1,11105
11/17/2020,432,310,1,0,179,6,4,0,65,0,3383,0,6759,0,31,1,11171
11/18/2020,443,320,1,0,190,6,4,0,65,0,3415,0,6796,0,32,1,11273
11/19/2020,451,321,1,0,198,6,4,0,65,0,3443,0,6824,0,32,1,11346
11/20/2020,462,331,1,0,207,6,4,0,65,0,3451,0,6850,0,33,1,11411
11/21/2020,471,331,1,0,217,6,4,0,65,0,3472,0,6878,0,33,1,11479
11/22/2020,471,331,1,0,229,6,4,0,65,0,3486,0,6910,0,33,1,11537
11/23/2020,476,348,1,0,236,7,4,0,65,0,3505,0,6934,0,37,1,11614
11/24/2020,492,358,1,0,248,7,4,0,65,0,3519,0,6973,0,37,1,11705
11/25/2020,500,371,1,0,256,7,4,0,65,0,3554,0,7002,0,37,1,11798
11/26/2020,510,384,1,0,266,7,4,0,65,0,3575,0,7031,0,40,1,11884
11/27/2020,519,395,1,0,280,7,4,0,65,0,3595,0,7056,0,44,1,11967
11/28/2020,524,395,1,0,290,7,4,0,65,0,3624,0,7084,0,45,1,12040
11/29/2020,533,395,1,0,301,7,4,0,65,0,3648,0,7117,0,45,1,12117
11/30/2020,541,441,1,0,312,7,4,0,65,0,3656,0,7148,0,47,1,12223
12/1/2020,551,457,1,0,328,7,4,0,65,0,3663,0,7172,0,51,1,12300
12/2/2020,561,469,1,0,342,7,4,0,65,0,3698,0,7206,0,53,1,12407
12/3/2020,575,481,1,0,353,7,4,0,65,0,3712,0,7245,0,54,1,12498
12/4/2020,590,492,1,0,362,7,4,0,65,0,3737,0,7280,0,55,1,12594
12/5/2020,596,492,1,0,381,7,4,0,65,0,3757,0,7314,0,55,1,12673
12/6/2020,615,492,1,0,395,7,4,0,65,0,3772,0,7342,0,59,1,12753
12/7/2020,631,527,1,0,407,7,4,0,65,0,3798,0,7377,0,60,1,12878
12/8/2020,640,543,1,0,420,7,4,0,65,0,3808,0,7419,0,66,1,12974
12/9/2020,653,559,1,0,438,7,4,0,65,0,3836,0,7449,0,71,1,13084
12/10/2020,666,587,1,0,451,7,4,0,65,0,3871,0,7479,0,75,1,13207
12/11/2020,684,598,1,0,465,8,4,0,65,0,3916,0,7523,0,75,1,13340
12/12/2020,697,598,1,0,483,8,4,0,65,0,3933,0,7561,0,86,1,13437
12/13/2020,719,598,1,0,490,8,4,0,65,0,3949,0,7594,0,89,1,13518
12/14/2020,733,647,1,0,499,8,4,0,65,0,3972,0,7640,0,91,1,13661
12/15/2020,744,668,1,0,508,8,4,0,65,0,3992,0,7679,0,98,1,13768
12/16/2020,760,692,1,0,523,8,4,0,65,0,4035,0,7709,0,98,1,13896
12/17/2020,790,713,1,0,537,8,4,0,65,0,4058,0,7762,0,105,1,14044
12/18/2020,815,724,1,0,547,8,4,0,65,0,4098,0,7796,0,107,1,14166
12/19/2020,841,724,1,0,556,8,4,0,65,0,4125,0,7828,0,115,1,14268
12/20/2020,851,724,1,0,569,8,4,0,65,1,4150,0,7865,0,118,1,14357
12/21/2020,860,765,1,0,572,8,4,0,65,1,4167,0,7901,0,122,1,14467
12/22/2020,871,777,1,0,590,8,4,0,65,1,4188,0,7957,0,125,1,14588
12/23/2020,890,796,1,0,605,8,4,0,65,1,4229,0,8003,0,130,1,14733
12/24/2020,920,808,1,0,617,8,4,0,65,1,4278,0,8040,0,134,1,14877
12/25/2020,938,808,1,0,617,8,4,0,65,1,4321,0,8085,0,134,1,14983
12/26/2020,955,808,1,0,617,8,4,0,65,1,4359,0,8130,0,134,1,15083
12/27/2020,982,808,1,0,645,8,4,0,65,1,4377,0,8173,0,141,1,15206
12/28/2020,1002,808,1,0,654,8,4,0,65,1,4414,0,8219,0,141,1,15318
12/29/2020,1028,882,1,0,659,8,4,0,65,1,4455,0,8265,0,151,1,15520
12/30/2020,1046,893,1,0,661,8,4,0,65,1,4474,0,8317,0,154,1,15625
12/31/2020,1046,901,1,0,667,9,4,0,65,1,4530,0,8356,0,155,1,15736
1/1/2021,1046,901,1,0,667,9,4,0,65,1,4581,0,8388,0,155,1,15819
1/2/2021,1046,901,1,0,678,9,4,0,65,1,4625,0,8433,0,158,1,15922
1/3/2021,1046,901,1,0,683,9,4,0,65,1,4650,0,8473,0,158,1,15992
1/4/2021,1142,946,1,0,688,9,4,0,65,1,4679,0,8528,0,160,1,16224
1/5/2021,1168,954,1,0,695,9,4,0,65,1,4730,0,8577,0,165,1,16370
1/6/2021,1193,962,1,0,705,9,4,0,65,1,4767,0,8624,0,174,1,16506
1/7/2021,1217,970,1,0,717,9,4,0,65,1,4856,0,8671,0,177,1,16689
1/8/2021,1241,988,1,0,726,9,4,0,65,1,4882,0,8717,0,184,1,16819
1/9/2021,1272,988,1,0,733,9,4,0,65,1,4922,0,8762,0,191,1,16949
1/10/2021,1284,988,1,0,738,9,4,0,65,1,4983,0,8800,0,191,1,17065
1/11/2021,1307,1010,1,0,741,9,4,0,65,1,5012,0,8840,0,199,1,17190
1/12/2021,1345,1019,1,0,748,11,4,0,65,1,5053,0,8886,0,204,1,17338
1/13/2021,1368,1031,1,0,753,12,4,0,65,1,5127,0,8950,0,206,1,17519
1/14/2021,1389,1038,1,0,755,12,4,0,65,1,5189,0,9005,0,206,1,17666
1/15/2021,1402,1047,1,0,760,12,4,0,65,1,5289,0,9051,0,210,1,17843
1/16/2021,1417,1047,1,0,761,12,4,0,65,1,5340,0,9096,0,212,1,17957
1/17/2021,1436,1047,1,0,769,12,4,0,65,1,5409,0,9137,0,215,1,18097
1/18/2021,1447,1078,1,0,773,12,4,0,65,1,5433,0,9188,0,219,1,18222
1/19/2021,1463,1090,1,0,783,13,4,0,65,1,5479,0,9235,0,225,1,18360
1/20/2021,1484,1104,1,0,788,13,4,0,65,1,5568,0,9293,0,226,1,18548
1/21/2021,1500,1119,1,0,793,13,4,0,65,1,5614,0,9338,0,239,1,18688
1/22/2021,1512,1128,1,0,795,13,4,0,65,1,5701,0,9396,0,247,1,18864
1/23/2021,1525,1128,1,0,797,13,4,0,65,1,5753,0,9443,0,250,1,18981
1/24/2021,1549,1128,1,0,799,13,4,0,65,1,5803,0,9494,0,253,1,19111
1/25/2021,1574,1154,1,0,804,14,4,0,65,1,5846,0,9519,0,254,1,19237
1/26/2021,1587,1168,1,0,809,14,4,0,65,1,5909,0,9553,0,268,1,19380
1/27/2021,1599,1172,1,0,813,16,4,0,65,1,5958,0,9561,0,274,1,19465
1/28/2021,1606,1184,1,0,821,16,4,0,65,1,6014,0,9667,0,285,1,19665
1/29/2021,1620,1189,1,0,823,17,4,0,65,1,6072,0,9717,0,292,1,19802
1/30/2021,1631,1189,1,0,825,18,4,0,65,1,6145,0,9763,0,300,1,19943
1/31/2021,1639,1189,1,0,829,18,4,0,65,1,6188,0,9794,0,304,1,20033
2/1/2021,1649,1210,1,0,832,18,4,0,65,1,6224,0,9826,0,306,1,20137
2/2/2021,1660,1218,1,0,832,18,4,0,65,1,6238,0,9862,0,314,1,20214
2/3/2021,1671,1234,1,0,835,18,4,0,65,1,6305,0,9899,0,322,1,20356
2/4/2021,1684,1240,1,0,837,18,4,0,65,1,6393,0,9941,0,329,1,20514
2/5/2021,1693,1246,1,0,838,18,4,0,65,1,6438,0,9973,0,332,1,20610
2/6/2021,1705,1246,1,0,842,20,4,0,65,1,6483,0,9999,0,336,1,20703
2/7/2021,1709,1246,1,0,846,20,4,0,65,1,6505,0,10031,0,339,1,20768
2/8/2021,1710,1259,1,0,850,20,4,0,65,1,6538,0,10046,0,341,1,20836
2/9/2021,1722,1263,1,0,853,21,4,0,65,1,6555,0,10078,0,346,1,20910
2/10/2021,1728,1269,1,0,859,21,4,0,65,1,6596,0,10112,0,348,1,21005
2/11/2021,1744,1278,1,0,862,22,4,0,65,1,6614,0,10149,0,348,1,21089
2/12/2021,1760,1288,1,0,866,22,4,0,65,1,6632,0,10173,0,350,1,21163
2/13/2021,1775,1288,1,0,866,22,4,0,65,1,6651,0,10201,0,354,1,21229
2/14/2021,1780,1288,1,0,871,22,4,0,65,1,6693,0,10214,0,354,1,21294
2/15/2021,1782,1288,1,0,871,23,4,0,65,1,6706,0,10229,0,354,1,21325
2/16/2021,1791,1314,1,0,875,24,4,0,65,1,6719,0,10246,0,357,1,21398
2/17/2021,1798,1317,1,0,876,24,4,0,65,1,6729,0,10258,0,362,1,21436
2/18/2021,1805,1321,1,0,878,24,4,0,65,1,6773,0,10264,0,362,1,21499
2/19/2021,1812,1327,1,0,879,24,4,0,65,1,6820,0,10278,0,365,1,21577
2/20/2021,1818,1327,1,0,882,24,4,0,65,1,6848,0,10292,0,368,1,21631
2/21/2021,1827,1327,1,0,884,25,4,0,65,1,6861,0,10307,0,372,1,21675
2/22/2021,1843,1335,1,0,886,26,4,0,65,1,6872,0,10318,0,372,1,21724
2/23/2021,1853,1336,1,0,886,26,4,0,65,1,6884,0,10330,0,376,1,21763
2/24/2021,1866,1338,1,0,887,26,5,0,65,1,6893,0,10346,0,379,1,21808
2/25/2021,1874,1348,1,0,888,26,5,0,65,1,6916,0,10361,0,380,1,21866
2/26/2021,1877,1355,1,0,889,26,5,0,65,1,6944,0,10372,0,380,1,21916
2/27/2021,1883,1355,1,0,893,26,6,0,65,1,6960,0,10385,0,385,1,21961
2/28/2021,1886,1355,1,0,895,27,6,0,65,1,6980,0,10393,0,385,1,21995
3/1/2021,1888,1363,1,0,896,27,6,0,65,1,6986,0,10399,0,385,1,22018
3/2/2021,1890,1365,1,0,898,28,6,0,65,1,6997,0,10407,0,387,1,22046
3/3/2021,1902,1372,1,0,901,28,6,0,65,1,7014,0,10426,0,389,1,22106
3/4/2021,1911,1376,1,0,903,28,6,0,65,1,7024,0,10445,0,391,1,22152
3/5/2021,1913,1380,1,0,904,28,6,0,65,1,7046,0,10455,0,393,1,22193
3/6/2021,1914,1380,1,0,905,28,6,0,65,1,7052,0,10465,0,396,1,22214
3/7/2021,1914,1380,1,0,907,28,6,0,65,1,7067,0,10472,0,398,1,22240
3/8/2021,1920,1391,1,0,907,28,6,0,65,1,7077,0,10481,0,399,1,22277
3/9/2021,1926,1393,1,0,907,29,6,0,65,1,7083,0,10493,0,400,1,22305
3/10/2021,1928,1394,1,0,908,29,6,0,65,1,7099,0,10503,0,401,1,22336
3/11/2021,1933,1397,1,0,911,29,6,0,65,1,7109,0,10518,0,401,1,22372
3/12/2021,1935,1397,1,0,912,30,6,0,65,1,7127,0,10526,0,404,1,22405
3/13/2021,1940,1397,1,0,916,30,6,0,65,1,7138,0,10535,0,405,1,22435
3/14/2021,1946,1397,1,0,917,30,6,0,65,1,7153,0,10540,0,407,1,22464
3/15/2021,1949,1407,1,0,917,30,6,0,65,1,7162,0,10550,0,407,1,22496
3/16/2021,1952,1407,1,0,917,30,6,0,65,1,7173,0,10558,0,409,1,22520
3/17/2021,1956,1411,1,0,917,30,6,0,65,1,7187,0,10570,0,410,1,22555
3/18/2021,1957,1419,1,0,918,30,6,0,66,4,7202,0,10576,0,411,1,22591
3/19/2021,1957,1421,1,0,919,30,6,0,66,4,7212,0,10587,0,414,1,22618
3/20/2021,1961,1421,1,0,920,30,6,0,66,4,7223,0,10594,0,417,1,22644
3/21/2021,1963,1421,1,0,927,30,6,0,66,4,7241,0,10599,0,418,1,22677
3/22/2021,1968,1437,1,0,928,30,6,0,66,4,7244,0,10614,0,418,1,22717
3/23/2021,1971,1438,1,0,929,30,6,0,66,4,7253,0,10618,0,419,1,22736
3/24/2021,1973,1441,1,0,929,30,6,0,66,4,7263,0,10626,0,420,1,22760
3/25/2021,1976,1446,1,0,929,30,6,0,66,4,7280,0,10630,0,422,1,22791
3/26/2021,1979,1449,1,0,932,30,6,0,66,4,7292,0,10637,0,430,1,22827
3/27/2021,1980,1449,1,0,933,30,6,0,66,4,7308,0,10645,0,430,1,22853
3/28/2021,1983,1449,1,0,934,30,6,0,66,4,7327,0,10647,0,433,1,22881
3/29/2021,1983,1455,1,0,934,30,6,0,66,4,7337,0,10651,0,433,1,22901
3/30/2021,1987,1455,1,0,934,30,6,0,66,4,7351,0,10658,0,434,1,22927
3/31/2021,1990,1458,1,0,935,30,6,0,66,4,7366,0,10667,0,436,1,22960
4/1/2021,1994,1463,1,0,937,30,6,0,66,4,7389,0,10676,0,436,1,23003
4/2/2021,1994,1463,1,0,937,30,6,0,66,4,7412,0,10681,0,436,1,23031
4/3/2021,1994,1463,1,0,938,30,6,0,66,4,7428,0,10684,0,436,1,23051
4/4/2021,1994,1463,1,0,938,30,6,0,66,4,7440,0,10693,0,439,1,23075
4/5/2021,1998,1463,1,0,940,30,6,0,66,4,7450,0,10697,0,440,1,23096
4/6/2021,2001,1489,1,0,942,30,6,0,66,4,7458,0,10701,0,443,1,23142
4/7/2021,2002,1491,1,0,943,31,6,0,66,4,7475,0,10709,0,445,1,23174
4/8/2021,2005,1493,1,0,946,31,6,0,66,4,7494,0,10718,0,447,1,23212
4/9/2021,2007,1495,1,0,949,32,6,0,66,4,7512,0,10726,0,453,1,23252
4/10/2021,2012,1495,1,0,949,33,6,0,66,4,7531,0,10737,0,453,1,23288
4/11/2021,2013,1495,1,0,949,33,6,0,66,4,7552,0,10742,0,454,1,23316
4/12/2021,2018,1513,1,0,949,33,6,0,66,4,7567,0,10744,0,455,1,23357
4/13/2021,2021,1515,1,0,951,33,6,0,66,4,7582,0,10756,0,457,1,23393
4/14/2021,2029,1521,1,0,954,33,6,0,66,4,7610,0,10763,0,458,1,23446
4/15/2021,2034,1524,1,0,955,33,6,0,66,4,7639,0,10778,0,460,1,23501
4/16/2021,2034,1530,1,0,955,33,6,0,67,4,7664,0,10785,0,462,1,23542
4/17/2021,2037,1530,1,0,958,33,6,0,67,4,7698,0,10793,0,464,1,23592
4/18/2021,2040,1530,1,0,959,33,6,0,67,4,7716,0,10802,0,465,1,23624
4/19/2021,2043,1538,1,0,959,33,6,0,67,4,7735,0,10816,0,465,1,23668
4/20/2021,2048,1539,1,0,960,33,6,0,67,4,7757,0,10833,0,465,1,23714
4/21/2021,2048,1546,1,0,961,34,6,0,67,4,7789,0,10838,0,469,1,23764
4/22/2021,2054,1550,1,0,962,34,6,0,67,4,7829,0,10845,0,470,1,23823
4/23/2021,2059,1554,1,0,964,34,6,0,67,4,7863,0,10860,0,471,1,23884
4/24/2021,2064,1554,1,0,967,35,6,0,67,4,7887,0,10869,0,473,1,23928
4/25/2021,2067,1554,1,0,967,35,6,0,67,4,7911,0,10878,0,475,1,23966
4/26/2021,2074,1571,1,0,968,35,6,0,67,4,7935,0,10886,0,476,2,24025
4/27/2021,2067,1571,1,0,968,36,6,0,67,4,7964,0,10898,0,482,2,24066
4/28/2021,2073,1576,1,0,971,36,6,0,67,4,7988,0,10908,0,486,2,24118
4/29/2021,2075,1577,1,0,973,36,6,0,67,4,8029,0,10913,0,487,2,24170
4/30/2021,2082,1581,1,0,974,36,6,0,67,4,8050,0,10926,0,491,2,24220
5/1/2021,2083,1581,1,0,976,36,6,0,67,4,8079,0,10933,0,494,2,24262
5/2/2021,2086,1581,1,0,978,37,6,0,67,4,8102,0,10942,0,495,2,24301
5/3/2021,2090,1596,1,0,979,38,6,0,67,4,8118,0,10944,0,497,2,24342
5/4/2021,2099,1597,1,0,980,38,6,0,69,4,8143,0,10959,0,499,2,24397
5/5/2021,2102,1594,1,0,982,39,6,0,69,4,8187,0,10964,0,501,2,24451
5/6/2021,2102,1595,1,0,986,40,6,0,69,4,8213,0,10971,0,501,2,24490
5/7/2021,2106,1602,1,0,987,40,6,0,70,4,8236,0,10974,0,502,2,24530
5/8/2021,2108,1602,1,0,990,41,6,0,71,4,8261,0,10981,0,502,2,24569
5/9/2021,2110,1602,1,0,993,41,6,0,71,4,8308,0,10987,0,502,2,24627
5/10/2021,2117,1622,1,0,997,41,6,0,71,4,8327,0,10993,0,502,2,24683
5/11/2021,2119,1624,1,0,997,41,6,0,71,4,8342,0,11002,0,506,2,24715
5/12/2021,2123,1627,1,0,1000,41,6,0,71,4,8374,0,11012,0,508,2,24769
5/13/2021,2132,1632,1,0,1002,41,6,0,71,4,8405,0,11017,0,513,2,24826
5/14/2021,2137,1634,1,0,1002,41,6,0,72,4,8431,0,11025,0,515,2,24870
5/15/2021,2140,1634,1,0,1006,41,6,0,72,4,8455,0,11032,0,516,2,24909
5/16/2021,2143,1634,1,0,1010,41,6,0,72,4,8485,0,11034,0,517,2,24949
5/17/2021,2148,1648,1,0,1011,41,6,0,72,4,8489,0,11042,0,519,2,24983
5/18/2021,2152,1650,1,0,1012,42,6,0,72,4,8506,0,11050,0,522,2,25019
5/19/2021,2158,1658,1,0,1016,43,6,0,74,4,8525,0,11058,0,522,2,25067
5/20/2021,2162,1661,1,0,1019,43,6,0,74,4,8552,0,11066,0,522,2,25112
5/21/2021,2164,1667,1,0,1022,43,6,0,76,4,8579,0,11075,0,524,2,25163
5/22/2021,2170,1667,1,0,1028,43,6,0,77,4,8599,0,11081,0,526,2,25204
5/23/2021,2176,1667,1,0,1029,43,6,0,79,4,8614,0,11084,0,527,2,25232
5/24/2021,2183,1667,1,0,1033,43,6,0,79,4,8622,0,11095,0,527,2,25262
5/25/2021,2192,1680,1,0,1035,43,6,0,79,4,8655,0,11101,0,527,2,25325
5/26/2021,2198,1683,1,0,1035,43,6,0,79,4,8678,0,11105,0,528,2,25362
5/27/2021,2199,1690,1,0,1042,43,6,0,79,4,8697,0,11115,0,534,2,25412
5/28/2021,2206,1692,1,0,1042,43,6,0,80,4,8711,0,11118,0,536,2,25441
5/29/2021,2214,1692,1,0,1045,43,6,0,84,4,8726,0,11125,0,537,2,25479
5/30/2021,2219,1692,1,0,1052,43,6,0,85,4,8744,0,11127,0,538,2,25513
5/31/2021,2227,1703,1,0,1053,43,6,0,85,4,8757,0,11128,0,539,2,25548
6/1/2021,2228,1703,1,0,1056,43,6,0,85,4,8766,0,11133,0,540,2,25567
6/2/2021,2231,1707,1,0,1062,43,6,0,87,4,8791,0,11138,0,541,2,25613
6/3/2021,2236,1709,1,0,1067,44,6,0,88,4,8801,0,11144,0,543,2,25645
6/4/2021,2243,1710,1,0,1071,44,6,0,88,4,8820,0,11148,0,543,2,25680
6/5/2021,2246,1710,1,0,1072,44,6,0,88,4,8844,0,11150,0,546,2,25713
6/6/2021,2246,1710,1,0,1075,44,6,0,88,4,8854,0,11149,0,546,2,25725
6/7/2021,2248,1722,1,0,1077,44,6,0,88,4,8869,0,11152,0,549,2,25762
6/8/2021,2251,1722,1,0,1079,44,7,0,88,4,8887,0,11156,0,551,2,25792
6/9/2021,2256,1725,1,0,1081,44,7,0,88,4,8920,0,11164,0,552,2,25844
6/10/2021,2262,1729,1,0,1087,44,7,0,88,4,8931,0,11166,0,553,2,25874
6/11/2021,2265,1730,1,0,1089,44,7,0,89,4,8935,0,11167,0,554,2,25887
6/12/2021,2269,1730,1,0,1093,45,7,0,89,4,8950,0,11170,0,555,2,25915
6/13/2021,2270,1730,1,0,1100,45,7,0,89,4,8957,0,11172,0,555,2,25932
6/14/2021,2270,1734,1,0,1102,45,7,0,90,4,8961,0,11173,0,556,3,25946
6/15/2021,2274,1734,1,0,1104,45,7,0,90,4,8974,0,11177,0,560,3,25973
6/16/2021,2278,1738,1,0,1111,45,7,0,90,4,8986,0,11177,0,561,3,26001
6/17/2021,2280,1739,1,0,1112,45,7,0,90,4,8993,0,11178,0,561,3,26013
6/18/2021,2283,1740,1,0,1115,45,7,0,90,4,8994,0,11180,0,562,3,26024
6/19/2021,2289,1740,1,0,1118,45,7,0,90,4,9007,0,11189,0,562,3,26055
6/20/2021,2290,1740,1,0,1124,45,7,0,90,4,9019,0,11191,0,563,3,26077
6/21/2021,2292,1743,1,0,1125,45,7,0,90,4,9022,0,11191,0,564,3,26087
6/22/2021,2290,1743,1,0,1129,45,7,0,92,4,9082,0,11195,0,564,3,26155
6/23/2021,2292,1744,1,0,1132,45,7,0,92,4,9093,0,11198,0,565,3,26176
6/24/2021,2293,1747,1,0,1134,45,7,0,92,4,9099,0,11202,0,565,4,26193
6/25/2021,2293,1749,1,0,1135,45,7,0,92,4,9101,0,11202,0,565,4,26198
6/26/2021,2293,1749,1,0,1138,45,7,0,92,4,9114,0,11202,0,566,4,26215
6/27/2021,2293,1749,1,0,1139,45,7,0,92,4,9126,0,11202,0,566,4,26228
6/28/2021,2295,1754,1,0,1139,45,7,0,92,4,9129,0,11203,0,566,4,26239
6/29/2021,2299,1754,1,0,1139,45,7,0,92,4,9154,0,11207,0,568,5,26275
6/30/2021,2301,1754,1,0,1141,45,7,0,92,4,9168,0,11210,0,568,5,26296
7/1/2021,2301,1754,1,0,1141,45,7,0,92,4,9187,0,11210,0,568,5,26315
7/2/2021,2301,1756,1,0,1147,45,7,0,92,4,9196,0,11217,0,568,5,26339
7/3/2021,2301,1756,1,0,1148,45,7,0,92,4,9205,0,11217,0,568,5,26349
7/4/2021,2301,1756,1,0,1150,46,7,0,92,4,9214,0,11217,0,568,5,26361
7/5/2021,2303,1759,1,0,1151,46,7,0,92,4,9215,0,11218,0,568,5,26369
7/6/2021,2305,1759,1,0,1152,46,7,0,92,4,9224,0,11218,0,569,5,26382
7/7/2021,2307,1759,1,0,1154,46,7,0,92,4,9224,0,11219,0,570,5,26388
7/8/2021,2307,1760,1,0,1157,46,7,0,92,4,9228,0,11229,0,570,5,26406
7/9/2021,2307,1760,1,0,1160,46,7,0,92,4,9237,0,11230,0,571,5,26420
7/10/2021,2307,1760,1,0,1160,46,7,0,92,4,9245,0,11230,0,572,5,26429
7/11/2021,2307,1760,1,0,1161,46,7,0,92,4,9251,0,11230,0,573,5,26437
7/12/2021,2307,1760,1,0,1162,46,7,0,92,4,9251,0,11231,0,573,6,26440
7/13/2021,2310,1760,1,0,1163,46,7,0,92,4,9258,0,11231,0,573,6,26451
7/14/2021,2311,1760,1,0,1163,46,7,0,92,4,9265,0,11231,0,573,6,26459
7/15/2021,2312,1761,1,0,1164,46,7,0,92,4,9275,0,11232,0,573,6,26473
7/16/2021,2314,1761,1,0,1164,46,7,0,92,4,9285,0,11235,0,575,6,26490
7/17/2021,2314,1761,1,0,1164,46,7,0,92,4,9288,0,11236,0,575,6,26494
7/18/2021,2314,1761,1,0,1165,46,7,0,92,4,9294,0,11236,0,575,6,26501
7/19/2021,2316,1763,1,0,1165,46,7,0,92,4,9294,0,11236,0,575,6,26505
7/20/2021,2318,1763,1,0,1165,46,7,0,92,4,9296,0,11236,0,575,6,26509
7/21/2021,2318,1763,1,0,1166,46,7,0,92,4,9300,0,11235,0,575,6,26513
7/22/2021,2320,1763,1,0,1167,46,7,0,93,4,9307,0,11238,0,575,6,26527
7/23/2021,2322,1767,1,0,1170,46,7,0,93,4,9308,0,11239,0,577,6,26540
7/24/2021,2322,1767,1,0,1171,46,7,0,93,4,9311,0,11239,0,578,6,26545
7/25/2021,2322,1767,1,0,1172,46,7,0,93,4,9313,0,11240,0,578,6,26549
7/26/2021,2322,1768,1,0,1172,46,7,0,93,4,9316,0,11240,0,578,6,26553
7/27/2021,2325,1768,1,0,1172,46,7,0,93,4,9321,0,11240,0,578,6,26561
7/28/2021,2325,1771,1,0,1175,46,7,0,93,4,9325,0,11240,0,578,6,26571
7/29/2021,2325,1771,1,0,1177,46,7,0,93,4,9328,0,11240,0,578,7,26577
7/30/2021,2328,1771,1,0,1178,46,7,0,93,4,9339,0,11241,0,578,7,26593
7/31/2021,2328,1771,1,0,1178,46,7,0,93,4,9345,0,11241,0,578,7,26599
8/1/2021,2328,1771,1,0,1178,46,7,0,93,4,9347,0,11241,0,578,7,26601
8/2/2021,2328,1771,1,0,1178,46,7,0,93,4,9348,0,11241,0,578,7,26602
8/3/2021,2328,1772,1,0,1181,46,7,0,93,4,9349,0,11241,0,578,8,26608
8/4/2021,2328,1772,1,0,1181,46,7,0,93,4,9360,0,11240,0,579,8,26619
8/5/2021,2329,1772,1,0,1183,46,7,0,93,4,9374,0,11240,0,581,8,26638
8/6/2021,2325,1772,1,0,1184,46,7,0,93,4,9392,0,11241,0,582,8,26655
8/7/2021,2325,1772,1,0,1184,46,7,0,93,4,9401,0,11241,0,582,8,26664
8/8/2021,2325,1772,1,0,1184,46,7,0,93,4,9407,0,11241,0,582,8,26670
8/9/2021,2328,1777,1,0,1184,46,7,0,93,4,9407,0,11242,0,582,8,26679
8/10/2021,2330,1777,1,0,1184,46,7,0,93,4,9409,0,11241,0,584,8,26684
8/11/2021,2331,1778,1,0,1183,46,7,0,93,4,9412,0,11242,0,584,8,26689
8/12/2021,2331,1779,1,0,1184,46,7,0,93,4,9412,0,11242,0,586,8,26693
8/13/2021,2332,1779,1,0,1185,46,7,0,93,4,9416,0,11242,0,586,8,26699
8/14/2021,2332,1779,1,0,1185,46,7,0,93,4,9418,0,11243,0,586,8,26702
8/15/2021,2332,1779,1,0,1185,46,7,0,93,4,9418,0,11242,0,586,8,26701
8/16/2021,2333,1780,1,0,1187,46,7,0,93,4,9418,0,11242,0,586,8,26705
8/17/2021,2336,1781,1,0,1188,46,7,0,93,4,9428,0,11242,0,586,8,26720
8/18/2021,2338,1782,1,0,1188,46,7,0,93,4,9431,0,11278,0,586,8,26762
8/19/2021,2342,1784,1,0,1188,46,7,0,93,4,9448,0,11277,0,586,8,26784
8/20/2021,2343,1785,1,0,1188,46,7,0,93,4,9450,0,11279,0,586,8,26790
8/21/2021,2343,1785,1,0,1188,46,7,0,93,4,9451,0,11279,0,586,8,26791
8/22/2021,2343,1785,1,0,1188,46,7,0,93,4,9453,0,11279,0,586,8,26793
8/23/2021,2348,1801,1,0,1188,46,7,0,93,4,9453,0,11280,0,586,8,26815
8/24/2021,2355,1801,1,0,1188,46,7,0,93,4,9471,0,11283,0,592,8,26849
8/25/2021,2356,1802,1,0,1189,46,7,1,94,4,9472,0,11284,0,592,8,26856
8/26/2021,2360,1804,1,0,1189,46,7,1,94,4,9472,0,11285,0,594,8,26865
8/27/2021,2364,1807,1,0,1189,46,7,1,94,4,9489,0,11285,0,596,8,26891
8/28/2021,2364,1807,1,0,1189,46,7,1,94,4,9496,0,11285,0,597,8,26899
8/29/2021,2364,1807,1,0,1189,46,7,1,94,4,9498,0,11285,0,598,8,26902
8/30/2021,2371,1814,1,0,1189,46,7,1,94,4,9498,0,11285,0,601,8,26919
8/31/2021,2375,1816,1,0,1189,46,7,1,94,4,9503,0,11286,0,603,8,26933
9/1/2021,2383,1818,1,0,1190,46,7,1,94,4,9516,0,11288,0,607,8,26963
9/2/2021,2388,1824,1,0,1192,46,7,1,94,4,9530,0,11289,0,608,8,26992
9/3/2021,2390,1827,1,0,1192,46,7,1,94,4,9536,0,11291,0,610,8,27007
9/4/2021,2390,1827,1,0,1192,46,7,1,94,4,9545,0,11292,0,610,8,27017
9/5/2021,2390,1827,1,0,1192,46,7,1,94,4,9548,0,11293,0,611,8,27022
9/6/2021,2390,1827,1,0,1192,46,7,1,94,4,9550,0,11293,0,612,8,27025
9/7/2021,2407,1842,1,0,1198,47,7,1,94,4,9553,0,11293,0,613,8,27068
9/8/2021,2425,1842,1,0,1198,47,7,1,94,4,9569,0,11296,0,615,9,27108
9/9/2021,2434,1847,1,0,1199,47,7,1,94,4,9579,0,11297,0,616,9,27135
9/10/2021,2444,1856,1,0,1200,47,7,1,94,4,9590,0,11301,0,617,9,27171
9/11/2021,2444,1856,1,0,1200,47,7,1,94,4,9605,0,11301,0,618,9,27187
9/12/2021,2444,1856,1,0,1200,47,7,1,94,4,9611,0,11304,0,621,9,27199
9/13/2021,2462,1865,1,0,1202,47,7,1,94,4,9617,0,11305,0,625,9,27239
9/14/2021,2471,1866,1,0,1201,47,7,1,94,4,9624,0,11312,0,627,9,27264
9/15/2021,2495,1873,1,0,1203,48,7,1,94,4,9629,0,11313,0,629,9,27306
9/16/2021,2505,1877,1,0,1203,48,7,1,94,4,9632,0,11315,0,630,9,27326
9/17/2021,2523,1888,1,0,1204,48,7,1,94,4,9637,0,11318,0,637,9,27371
9/18/2021,2523,1888,1,0,1204,48,7,1,94,4,9647,0,11321,0,638,9,27385
9/19/2021,2523,1888,1,0,1204,48,7,1,94,4,9653,0,11325,0,639,9,27396
9/20/2021,2545,1899,1,0,1205,48,7,1,94,4,9655,0,11326,0,641,9,27435
9/21/2021,2574,1900,1,0,1206,48,7,2,94,4,9663,0,11335,0,646,9,27489
9/22/2021,2594,1910,1,0,1207,49,7,2,94,4,9670,0,11340,0,651,9,27538
9/23/2021,2611,1915,1,0,1207,49,7,2,95,4,9677,0,11347,0,658,9,27582
9/24/2021,2622,1922,1,0,1207,52,7,2,95,4,9688,0,11349,0,663,9,27621
9/25/2021,2622,1922,1,0,1207,53,7,2,95,4,9698,0,11349,0,667,9,27636
9/26/2021,2622,1922,1,0,1207,54,7,2,95,4,9704,0,11349,0,670,9,27646
9/27/2021,2645,1940,1,0,1209,54,8,2,96,4,9704,0,11356,0,672,9,27700
9/28/2021,2663,1942,1,0,1211,56,8,6,97,4,9715,0,11362,0,682,9,27756
9/29/2021,2697,1953,1,0,1211,57,8,6,97,4,9723,0,11369,0,685,9,27820
9/30/2021,2717,1953,1,0,1211,59,8,6,97,4,9732,0,11371,0,695,9,27863
10/1/2021,2731,1973,1,0,1211,60,10,6,97,4,9743,0,11377,0,700,9,27922
10/2/2021,2731,1973,1,0,1211,64,10,6,97,4,9750,0,11382,0,708,9,27946
10/3/2021,2731,1973,1,0,1211,66,10,6,97,4,9752,0,11383,0,711,9,27954
10/4/2021,2752,1983,1,0,1213,68,10,6,97,4,9754,0,11389,0,716,10,28003
10/5/2021,2778,1983,1,0,1213,69,10,6,97,4,9757,0,11397,0,726,10,28051
10/6/2021,2804,1992,1,0,1214,70,10,6,98,4,9771,0,11400,0,733,10,28113
10/7/2021,2814,1996,1,0,1215,70,10,6,98,4,9776,0,11405,0,737,10,28142
10/8/2021,2830,2001,1,0,1217,72,11,6,98,4,9786,0,11410,0,741,10,28187
10/9/2021,2830,2001,1,0,1217,72,11,6,98,4,9788,0,11412,0,746,10,28196
10/10/2021,2830,2001,1,0,1217,74,11,6,98,4,9790,0,11415,0,747,10,28204
10/11/2021,2830,2001,1,0,1217,75,11,6,98,4,9792,0,11420,0,751,10,28216
10/12/2021,2863,2029,1,0,1224,75,13,7,98,4,9792,0,11422,0,753,10,28291
10/13/2021,2901,2033,1,0,1224,80,13,9,98,4,9804,0,11429,0,764,10,28370
10/14/2021,2930,2042,1,0,1226,82,13,9,98,4,9807,0,11431,0,769,10,28422
10/15/2021,2946,2055,1,0,1230,84,13,9,98,4,9809,0,11437,0,773,10,28469
10/16/2021,2946,2055,1,0,1230,87,13,9,98,4,9814,0,11440,0,776,10,28483
10/17/2021,2946,2055,1,0,1230,90,13,9,98,4,9813,0,11444,0,781,10,28494
10/18/2021,2976,2081,1,0,1231,91,15,9,98,4,9815,0,11449,0,785,10,28565
10/19/2021,2988,2086,1,0,1234,94,15,9,98,4,9819,0,11453,0,793,10,28604
10/20/2021,3006,2092,1,0,1235,99,15,9,98,4,9823,0,11455,0,798,10,28645
10/21/2021,3014,2096,1,0,1235,101,15,9,98,4,9827,0,11458,0,800,10,28668
10/22/2021,3026,2109,1,0,1235,106,15,9,98,4,9839,0,11466,0,812,10,28730
10/23/2021,3026,2109,1,0,1235,107,15,9,98,4,9845,0,11470,0,817,10,28746
10/24/2021,3026,2109,1,0,1235,108,15,9,98,4,9846,0,11472,0,817,10,28750
10/25/2021,3051,2129,1,0,1237,111,15,9,99,4,9846,0,11477,0,817,10,28806
10/26/2021,3063,2131,1,0,1237,111,15,10,100,4,9852,0,11481,0,827,10,28842
10/27/2021,3073,2137,1,0,1240,112,16,10,100,4,9862,0,11485,0,832,10,28882
10/28/2021,3085,2147,1,0,1244,114,16,10,100,4,9865,0,11490,0,843,10,28929
10/29/2021,3093,2156,1,0,1246,114,16,11,100,4,9865,0,11491,0,846,10,28953
10/30/2021,3093,2156,1,0,1246,116,16,11,100,4,9869,0,11493,0,850,10,28965
10/31/2021,3093,2156,1,0,1246,117,16,11,100,4,9871,0,11494,0,851,10,28970
11/1/2021,3111,2181,1,0,1248,117,16,11,101,4,9874,0,11496,0,854,10,29024
11/2/2021,3119,2186,1,0,1249,118,16,11,101,4,9881,0,11502,0,859,10,29057
11/3/2021,3133,2192,1,0,1251,119,16,11,101,4,9886,0,11510,0,861,10,29095
11/4/2021,3137,2200,1,0,1253,120,16,11,101,4,9891,0,11510,0,861,10,29115
11/5/2021,3142,2201,1,0,1256,121,16,11,101,4,9896,0,11511,0,863,10,29133
11/6/2021,3142,2201,1,0,1256,121,16,11,101,4,9896,0,11515,0,866,10,29140
11/7/2021,3142,2201,1,0,1256,121,16,11,101,4,9898,0,11518,0,872,10,29151
11/8/2021,3155,2218,1,0,1262,121,16,11,101,4,9900,0,11522,0,873,10,29194
11/9/2021,3159,2223,1,0,1266,121,16,11,102,4,9903,0,11528,0,874,10,29218
11/10/2021,3164,2234,1,0,1268,121,16,12,102,4,9912,0,11529,0,878,10,29251
11/11/2021,3164,2234,1,0,1268,121,16,12,102,4,9916,0,11533,0,886,10,29267
11/12/2021,3171,2257,1,0,1269,121,16,12,102,4,9921,0,11535,0,891,10,29310
11/13/2021,3171,2257,1,0,1269,121,16,12,102,4,9927,0,11541,0,893,11,29325
11/14/2021,3171,2257,1,0,1269,122,16,12,102,4,9934,0,11545,0,894,11,29338
11/15/2021,3188,2273,1,0,1273,122,17,12,105,4,9937,0,11546,0,896,11,29385
11/16/2021,3201,2274,1,0,1274,122,17,12,105,4,9938,0,11548,0,897,11,29404
11/17/2021,3204,2281,1,0,1276,122,17,12,105,4,9950,0,11548,0,901,11,29432
11/18/2021,3209,2290,1,0,1281,122,17,12,105,4,9955,0,11550,0,905,12,29463
11/19/2021,3211,2293,1,0,1285,122,17,12,106,4,9959,0,11552,0,908,12,29482
11/20/2021,3211,2293,1,0,1285,122,17,12,106,4,9964,0,11555,0,910,12,29492
11/21/2021,3211,2293,1,0,1285,122,17,12,106,4,9967,0,11558,0,911,12,29499
11/22/2021,3217,2303,1,0,1292,122,17,12,107,4,9968,0,11560,0,912,12,29527
11/23/2021,3227,2304,1,0,1296,123,17,12,107,4,9974,0,11565,0,914,12,29556
11/24/2021,3231,2313,1,0,1299,123,18,12,107,4,9981,0,11566,0,914,12,29581
11/25/2021,3232,2316,1,0,1304,123,18,12,108,4,9985,0,11571,0,915,12,29601
11/26/2021,3235,2322,1,0,1305,123,18,12,108,4,9991,0,11571,0,916,13,29619
11/27/2021,3235,2322,1,0,1305,123,18,12,108,4,9993,0,11574,0,921,13,29629
11/28/2021,3235,2322,1,0,1305,123,18,12,108,4,9994,0,11574,0,925,13,29634
11/29/2021,3242,2333,1,0,1315,124,18,12,110,4,9997,0,11576,0,926,13,29671
11/30/2021,3248,2333,1,0,1319,125,18,12,110,4,10000,0,11579,0,926,13,29688
12/1/2021,3255,2340,1,0,1321,128,18,12,110,4,10005,0,11581,0,927,13,29715
12/2/2021,3257,2345,1,0,1324,130,18,12,110,4,10012,0,11583,0,928,14,29738
12/3/2021,3258,2351,1,0,1328,132,18,12,110,4,10016,0,11585,0,929,14,29758
12/4/2021,3258,2351,1,0,1328,132,18,12,110,4,10024,0,11586,0,929,14,29767
12/5/2021,3258,2351,1,0,1328,133,18,12,110,4,10024,0,11587,0,929,14,29769
12/6/2021,3263,2362,1,0,1334,136,18,12,110,4,10027,0,11589,0,931,14,29801
12/7/2021,3268,2363,1,0,1338,136,18,12,110,4,10036,0,11594,0,934,14,29828
12/8/2021,3272,2369,1,0,1341,136,18,12,110,4,10044,0,11596,0,936,14,29853
12/9/2021,3271,2378,1,0,1344,138,18,12,110,4,10054,0,11597,0,936,14,29877
12/10/2021,3272,2381,1,0,1345,139,18,12,110,4,10065,0,11603,0,937,14,29901
12/11/2021,3272,2381,1,0,1345,140,18,12,110,4,10070,0,11607,0,937,14,29911
12/12/2021,3272,2381,1,0,1345,140,18,12,110,4,10078,0,11608,0,937,14,29920
12/13/2021,3275,2386,1,0,1353,142,18,12,110,4,10079,0,11611,0,937,14,29942
12/14/2021,3283,2386,1,0,1355,144,18,12,110,4,10084,0,11618,0,941,14,29970
12/15/2021,3286,2393,1,0,1357,144,18,12,110,4,10093,0,11622,0,941,14,29995
12/16/2021,3285,2396,1,0,1359,144,18,12,110,4,10102,0,11627,0,941,14,30013
12/17/2021,3286,2399,1,0,1360,146,18,12,110,4,10107,0,11634,0,942,14,30033
12/18/2021,3286,2399,1,0,1360,148,18,12,110,4,10111,0,11636,0,942,14,30041
12/19/2021,3286,2399,1,0,1360,148,18,12,110,4,10113,0,11639,0,942,14,30046
12/20/2021,3292,2402,1,0,1366,148,18,12,110,4,10113,0,11642,0,942,14,30064
12/21/2021,3294,2403,1,0,1366,148,18,12,110,4,10123,0,11650,0,943,14,30086
12/22/2021,3299,2409,1,0,1368,149,18,12,111,4,10133,0,11652,0,944,14,30114
12/23/2021,3299,2410,1,0,1369,151,18,12,111,4,10140,0,11658,0,945,14,30132
12/24/2021,3299,2414,1,0,1370,152,18,12,111,4,10146,0,11660,0,945,14,30146
12/25/2021,3299,2414,1,0,1370,152,18,12,111,4,10149,0,11664,0,945,14,30153
12/26/2021,3299,2414,1,0,1370,152,18,12,111,4,10156,0,11667,0,945,14,30163
12/27/2021,3299,2414,1,0,1378,156,18,12,111,4,10161,0,11677,0,945,14,30190
12/28/2021,3299,2414,1,0,1383,156,18,12,111,4,10168,0,11692,0,947,14,30219
12/29/2021,3310,2419,1,0,1384,157,18,12,111,4,10171,0,11702,0,951,14,30254
12/30/2021,3310,2420,1,0,1387,159,18,12,111,4,10179,0,11711,0,955,14,30281
12/31/2021,3310,2423,1,0,1392,160,19,12,111,4,10194,0,11724,0,955,15,30320
1/1/2022,3310,2423,1,0,1392,160,19,12,111,4,10206,0,11732,0,955,15,30340
1/2/2022,3310,2423,1,0,1392,160,19,12,111,4,10223,0,11745,0,955,15,30370
1/3/2022,3310,2423,1,0,1398,162,20,12,111,4,10229,0,11760,0,955,15,30400
1/4/2022,3322,2427,1,0,1400,165,20,12,111,4,10239,0,11760,0,960,15,30436
1/5/2022,3333,2427,1,0,1402,168,20,12,111,4,10252,0,11820,0,960,15,30525
1/6/2022,3336,2430,1,0,1408,169,20,12,111,4,10272,0,11846,0,961,15,30585
1/7/2022,3338,2439,1,0,1408,170,21,12,111,4,10315,0,11873,0,961,15,30668
1/8/2022,3338,2439,1,0,1408,171,21,12,111,4,10345,0,11873,0,961,15,30699
1/9/2022,3338,2439,1,0,1408,172,21,12,111,4,10366,0,11917,0,961,15,30765
1/10/2022,3344,2446,1,0,1427,172,23,12,112,4,10378,0,11966,0,961,15,30861
1/11/2022,3352,2449,1,0,1426,173,23,12,114,4,10399,0,12028,0,961,15,30957
1/12/2022,3367,2455,1,0,1429,174,23,12,115,4,10445,0,12080,0,961,15,31081
1/13/2022,3375,2462,1,0,1438,178,23,12,117,4,10480,0,12125,0,961,15,31191
1/14/2022,3380,2468,1,0,1443,182,24,12,117,4,10522,2,12193,0,961,15,31324
1/15/2022,3380,2468,1,0,1443,183,25,12,117,4,10565,2,12289,0,961,15,31465
1/16/2022,3380,2468,1,0,1443,187,26,12,117,4,10605,2,12310,0,961,15,31531
1/17/2022,3403,2490,1,0,1463,189,26,13,117,4,10628,2,12364,0,961,15,31676
1/18/2022,3412,2492,1,0,1466,192,28,13,121,5,10666,2,12453,0,961,15,31827
1/19/2022,3413,2505,1,0,1478,196,28,13,122,5,10726,2,12541,0,961,15,32006
1/20/2022,3421,2520,1,0,1485,199,30,13,124,5,10801,3,12639,0,961,15,32217
1/21/2022,3429,2529,1,0,1492,201,30,14,128,5,10865,3,12698,0,969,16,32380
1/22/2022,3429,2529,1,0,1492,207,30,14,128,5,10912,3,12766,0,972,16,32504
1/23/2022,3429,2529,1,0,1492,207,30,14,128,5,10968,3,12766,0,972,16,32560
1/24/2022,3429,2529,1,0,1515,212,31,14,128,5,11004,6,12851,0,975,16,32716
1/25/2022,3483,2554,1,0,1521,215,31,15,131,5,11068,9,12936,0,977,16,32962
1/26/2022,3483,2554,1,0,1521,215,34,15,136,5,11160,9,12936,0,983,16,33068
1/27/2022,3518,2588,1,0,1538,224,38,15,136,5,11230,9,13065,0,985,16,33368
1/28/2022,3531,2597,1,0,1543,228,38,15,142,5,11298,9,13113,0,987,16,33523
1/29/2022,3531,2597,1,0,1543,228,38,15,142,5,11354,9,13179,0,989,16,33647
1/30/2022,3531,2597,1,0,1543,233,38,15,142,5,11412,9,13190,0,990,16,33722
1/31/2022,3566,2616,1,0,1562,238,40,15,142,5,11444,10,13223,0,992,16,33870
2/1/2022,3579,2625,1,0,1569,243,40,15,146,5,11504,10,13286,0,993,16,34032
2/2/2022,3593,2643,1,0,1576,247,44,15,147,5,11576,11,13336,0,997,16,34207
2/3/2022,3608,2656,1,0,1583,251,45,17,153,5,11651,11,13378,0,1001,18,34378
2/4/2022,3634,2675,1,0,1585,252,46,17,157,5,11711,11,13420,0,1005,18,34537
2/5/2022,3634,2675,1,0,1585,258,46,17,157,5,11770,11,13453,0,1006,18,34636
2/6/2022,3634,2675,1,0,1585,259,46,17,157,5,11825,11,13475,0,1012,18,34720
2/7/2022,3673,2707,1,0,1600,263,46,17,158,5,11836,12,13495,0,1012,20,34845
2/8/2022,3686,2707,1,0,1602,269,48,17,161,5,11878,12,13551,0,1012,20,34969
2/9/2022,3696,2725,1,0,1613,275,50,17,161,5,11944,13,13582,0,1012,20,35114
2/10/2022,3718,2730,1,0,1616,278,50,17,166,5,11988,13,13617,0,1012,20,35231
2/11/2022,3741,2747,1,0,1619,282,52,17,167,5,12040,13,13656,0,1012,20,35372
2/12/2022,3741,2747,1,0,1619,286,52,17,167,5,12075,13,13684,0,1054,20,35481
2/13/2022,3741,2747,1,0,1619,290,52,17,167,5,12093,13,13693,0,1054,20,35512
2/14/2022,3776,2764,1,0,1637,292,56,17,167,5,12101,14,13710,0,1054,20,35614
2/15/2022,3790,2766,1,0,1637,293,57,17,176,5,12120,14,13766,0,1054,20,35716
2/16/2022,3804,2777,1,0,1642,296,60,17,182,5,12167,14,13790,0,1054,20,35829
2/17/2022,3822,2781,1,0,1647,297,61,17,182,5,12204,15,13812,0,1054,20,35918
2/18/2022,3830,2786,1,0,1649,298,61,18,188,5,12237,15,13835,0,1054,20,35997
2/19/2022,3830,2786,1,0,1649,298,61,18,188,5,12247,15,13841,0,1054,20,36013
2/20/2022,3830,2786,1,0,1649,298,61,18,188,5,12264,15,13853,0,1054,20,36042
2/21/2022,3830,2786,1,0,1649,298,63,18,188,5,12279,15,13856,0,1054,20,36062
2/22/2022,3830,2830,1,0,1660,300,63,19,188,5,12288,15,13886,0,1054,20,36159
2/23/2022,3883,2831,1,0,1663,300,64,19,191,5,12306,15,13903,0,1054,20,36255
2/24/2022,3885,2831,1,0,1668,300,64,19,191,5,12347,15,13931,0,1054,21,36332
2/25/2022,3898,2851,1,0,1675,301,64,19,191,5,12386,15,13955,0,1091,21,36473
2/26/2022,3898,2851,1,0,1675,301,64,19,191,5,12420,15,13955,0,1091,21,36507
2/27/2022,3898,2851,1,0,1675,301,64,19,191,5,12430,15,13974,0,1091,21,36536
2/28/2022,3912,2873,1,0,1680,304,66,19,193,5,12433,15,13981,0,1091,21,36594
3/1/2022,3912,2873,1,0,1680,306,66,19,193,5,12451,16,13996,0,1091,21,36630
3/2/2022,3939,2883,1,0,1682,306,66,19,202,5,12478,16,14016,0,1091,22,36726
3/3/2022,3946,2896,1,0,1685,308,66,19,206,5,12497,16,14040,0,1091,22,36798
3/4/2022,3954,2903,1,0,1690,309,66,19,208,5,12525,16,14056,0,1135,22,36909
3/5/2022,3954,2903,1,0,1690,309,66,19,208,5,12549,16,14076,0,1135,22,36953
3/6/2022,3954,2903,1,0,1690,309,66,19,208,5,12570,16,14085,0,1135,22,36983
3/7/2022,3972,2914,1,0,1700,311,68,19,212,5,12574,16,14091,0,1135,22,37040
3/8/2022,3979,2915,1,0,1700,312,68,19,212,5,12591,16,14120,0,1135,22,37095
3/9/2022,3986,2929,1,0,1703,313,72,20,212,5,12618,16,14126,0,1135,22,37158
3/10/2022,3992,2932,1,0,1708,316,72,20,212,5,12638,16,14141,0,1135,23,37211
3/11/2022,4003,2935,1,0,1710,317,76,20,218,5,12227,16,14154,0,1148,23,36853
3/12/2022,4003,2935,1,0,1710,317,76,20,218,5,12247,16,14168,0,1148,23,36887
3/13/2022,4003,2935,1,0,1710,317,76,20,218,5,12256,16,14173,0,1148,23,36901
3/14/2022,4021,2946,1,0,1716,317,76,20,218,5,12256,16,14182,0,1148,23,36945
3/15/2022,4025,2946,1,0,1717,320,78,20,218,5,12272,16,14202,0,1148,23,36991
3/16/2022,4025,2953,1,0,1721,320,78,20,218,5,12288,16,14213,0,1148,23,37029
3/17/2022,4019,2960,1,0,1723,320,82,20,218,5,12307,16,14232,0,1148,23,37074
3/18/2022,4023,2966,1,0,1726,320,82,20,218,5,12313,16,14245,0,1176,23,37134
3/19/2022,4023,2966,1,0,1726,320,82,20,218,5,12329,16,14252,0,1176,23,37157
3/20/2022,4023,2966,1,0,1726,320,82,20,218,5,12332,16,14260,0,1176,23,37168
3/21/2022,4023,2974,1,0,1731,320,85,21,232,5,12336,16,14265,0,1176,23,37208
3/22/2022,4023,2974,1,0,1731,336,87,21,232,5,12343,16,14272,0,1176,24,37241
3/23/2022,4044,2975,1,0,1735,336,87,21,232,5,12356,16,14274,0,1176,24,37282
3/24/2022,4044,2981,1,0,1739,336,92,21,232,5,12366,16,14288,0,1209,24,37354
3/25/2022,4044,2983,1,0,1739,336,92,21,245,5,12388,16,14300,0,1209,24,37403
3/26/2022,4044,2983,1,0,1739,336,92,21,245,5,12397,16,14319,0,1209,24,37431
3/27/2022,4044,2983,1,0,1739,336,92,21,245,5,12401,16,14324,0,1209,24,37440
3/28/2022,4044,2989,1,0,1739,336,101,21,245,5,12405,16,14325,0,1209,24,37460
3/29/2022,4044,2990,1,0,1729,349,103,21,245,5,12414,16,14345,0,1209,24,37495
3/30/2022,4074,2996,1,0,1729,349,103,21,245,6,12427,18,14353,0,1209,24,37555
3/31/2022,4074,2998,1,0,1744,349,110,21,245,6,12433,18,14365,0,1209,24,37597
4/1/2022,4074,3002,1,0,1744,349,110,21,255,6,12451,18,14382,0,1229,24,37666
4/2/2022,4074,3002,1,0,1744,358,110,21,255,6,12460,18,14397,0,1229,24,37699
4/3/2022,4074,3002,1,0,1744,358,110,21,255,6,12470,18,14404,0,1229,24,37716
4/4/2022,4074,3002,1,0,1744,358,116,21,255,6,12470,18,14411,0,1229,24,37729
4/5/2022,4074,3002,1,0,1744,358,118,21,255,7,12479,18,14442,0,1229,24,37772
4/6/2022,4104,3002,1,0,1744,358,118,21,255,7,12511,19,14454,0,1229,24,37847
4/7/2022,4104,3004,1,0,1751,358,122,21,255,7,12527,19,14482,0,1229,24,37904
4/8/2022,4104,3004,1,0,1751,358,122,21,255,7,12537,19,14482,0,1229,24,37914
4/9/2022,4104,3004,1,0,1751,368,122,21,263,7,12548,19,14512,0,1253,24,37997
4/10/2022,4104,3004,1,0,1751,368,122,21,263,7,12563,19,14512,0,1253,24,38012
4/11/2022,4104,3004,1,0,1751,368,122,21,263,7,12566,19,14512,0,1253,24,38015
4/12/2022,4104,3004,1,0,1751,368,122,21,263,7,12570,19,14512,0,1253,24,38019
4/13/2022,4141,3004,1,0,1751,368,130,21,263,7,12583,21,14592,0,1253,24,38159
4/14/2022,4141,3036,1,0,1759,368,137,21,277,7,12606,21,14618,0,1273,24,38289
4/15/2022,4141,3036,1,0,1759,368,137,21,277,7,12619,21,14645,0,1273,24,38329
4/16/2022,4141,3036,1,0,1759,378,137,21,277,7,12629,21,14664,0,1273,24,38368
4/17/2022,4141,3036,1,0,1759,378,137,21,277,7,12630,21,14685,0,1273,24,38390
4/18/2022,4141,3036,1,0,1759,378,137,21,277,7,12632,21,14696,0,1273,24,38403
4/19/2022,4141,3036,1,0,1759,378,142,22,277,7,12633,21,14714,0,1273,24,38428
4/20/2022,4190,3036,1,0,1759,378,142,22,277,7,12661,23,14740,0,1273,24,38533
4/21/2022,4190,3077,1,0,1774,378,152,22,277,7,12678,23,14778,0,1273,24,38654
4/22/2022,4190,3077,1,0,1774,378,152,22,290,7,12704,23,14812,0,1295,24,38749
4/23/2022,4190,3077,1,0,1774,378,152,22,290,7,12728,23,14846,0,1295,24,38807
4/24/2022,4190,3077,1,0,1774,378,152,22,290,7,12734,23,14866,0,1295,24,38833
4/25/2022,4190,3077,1,0,1774,378,157,22,290,7,12736,23,14874,0,1295,24,38848
4/26/2022,4190,3077,1,0,1774,378,157,22,290,7,12750,23,14906,0,1295,24,38894
4/27/2022,4252,3077,1,0,1774,384,157,22,290,7,12772,25,14928,0,1295,24,39008
4/28/2022,4252,3147,1,0,1792,384,162,22,290,7,12792,25,14951,0,1295,25,39145
4/29/2022,4252,3147,1,0,1792,384,162,22,314,7,12812,25,14977,0,1309,25,39229
4/30/2022,4252,3147,1,0,1792,384,162,22,314,7,12825,25,15000,0,1309,25,39265
5/1/2022,4252,3147,1,0,1792,384,162,22,314,7,12842,25,15006,0,1309,25,39288
5/2/2022,4252,3147,1,0,1792,384,164,22,314,7,12842,25,15009,0,1309,25,39293
5/3/2022,4252,3147,1,0,1792,384,165,22,314,7,12858,25,15036,0,1309,25,39337
5/4/2022,4321,3147,1,0,1792,399,165,22,314,7,12889,26,15066,0,1309,25,39483
5/5/2022,4321,3226,1,0,1819,399,168,22,314,7,12921,26,15084,0,1309,25,39642
5/6/2022,4321,3226,1,0,1819,399,168,22,336,7,12938,26,15106,0,1323,25,39717
5/7/2022,4321,3226,1,0,1819,399,168,22,336,7,12962,26,15137,0,1323,25,39772
5/8/2022,4321,3226,1,0,1819,399,168,22,336,7,12972,26,15139,0,1323,25,39784
5/9/2022,4321,3226,1,0,1819,399,168,22,336,7,12972,26,15143,0,1323,25,39788
5/10/2022,4321,3226,1,0,1819,399,169,22,336,7,12991,26,15178,0,1323,25,39843
5/11/2022,4391,3226,1,0,1819,406,169,22,336,7,13020,32,15201,0,1323,25,39978
5/12/2022,4391,3307,1,0,1847,406,176,22,336,7,13034,32,15226,0,1323,25,40133
5/13/2022,4391,3307,1,0,1847,406,176,22,354,7,13052,32,15256,0,1342,25,40218
5/14/2022,4391,3307,1,0,1847,406,176,22,354,7,13063,32,15276,0,1342,25,40249
5/15/2022,4391,3307,1,0,1847,406,176,22,354,7,13070,32,15279,0,1342,25,40259
5/16/2022,4391,3307,1,0,1847,406,176,22,354,7,13072,32,15284,0,1342,25,40266
5/17/2022,4391,3307,1,0,1847,406,176,22,354,7,13083,32,15298,0,1342,25,40291
5/18/2022,4452,3307,1,0,1847,411,176,22,354,7,13099,33,15312,0,1342,25,40388
5/19/2022,4452,3398,1,0,1913,411,177,22,354,7,13122,33,15326,0,1342,25,40583
5/20/2022,4452,3398,1,0,1913,411,177,22,378,7,13146,33,15338,0,1364,25,40665
5/21/2022,4452,3398,1,0,1913,411,177,22,378,7,13159,33,15349,0,1364,25,40689
5/22/2022,4452,3398,1,0,1913,411,177,22,378,7,13161,33,15354,0,1364,25,40696
5/23/2022,4452,3398,1,0,1913,411,177,22,378,7,13163,33,15354,0,1364,25,40698
5/24/2022,4452,3398,1,0,1913,411,177,22,378,7,13164,33,15357,0,1364,25,40702
5/25/2022,4507,3398,1,0,1913,416,177,22,378,7,13175,33,15378,0,1364,26,40795
5/26/2022,4507,3469,1,0,1928,416,182,22,378,7,13195,33,15390,0,1364,26,40918
5/27/2022,4507,3469,1,0,1928,416,182,22,391,7,13210,33,15400,0,1376,26,40968
5/28/2022,4507,3469,1,0,1928,416,182,22,391,7,13223,33,15411,0,1376,26,40992
5/29/2022,4507,3469,1,0,1928,416,182,22,391,7,13225,33,15412,0,1376,26,40995
5/30/2022,4507,3469,1,0,1928,416,182,22,391,7,13226,33,15412,0,1376,26,40996
5/31/2022,4507,3469,1,0,1928,416,182,22,391,7,13241,33,15420,0,1376,26,41019
6/1/2022,4558,3469,1,0,1928,419,182,22,391,7,13265,33,15427,0,1376,26,41104
6/2/2022,4558,3547,1,0,1980,419,184,22,391,7,13267,33,15433,0,1376,26,41244
6/3/2022,4558,3547,1,0,1980,419,184,22,400,7,13275,33,15435,0,1385,26,41272
6/4/2022,4558,3547,1,0,1980,419,184,22,400,7,13285,33,15446,0,1385,26,41293
6/5/2022,4558,3547,1,0,1980,419,184,22,400,7,13288,33,15449,0,1385,26,41299
6/6/2022,4558,3547,1,0,1980,419,184,22,400,7,13289,33,15450,0,1385,26,41301
6/7/2022,4558,3547,1,0,1980,419,184,22,400,7,13293,33,15456,0,1385,26,41311
6/8/2022,4567,3547,1,0,1980,421,184,22,400,7,13304,35,15467,0,1385,26,41346
6/9/2022,4567,3614,1,0,2004,421,187,22,400,7,13314,35,15467,0,1385,26,41450
6/10/2022,4567,3614,1,0,2004,421,187,22,421,7,13324,35,15481,0,1398,26,41508
6/11/2022,4567,3614,1,0,2004,422,187,22,408,7,13336,35,15486,0,1398,26,41513
6/12/2022,4567,3614,1,0,2004,422,187,22,408,7,13338,35,15488,0,1398,26,41517
6/13/2022,4567,3614,1,0,2004,422,187,22,408,7,13338,35,15489,0,1398,26,41518
6/14/2022,4567,3614,1,0,2004,422,187,22,408,7,13343,35,15496,0,1398,26,41530
6/15/2022,4591,3614,1,0,2004,422,187,22,408,7,13351,35,15514,0,1398,26,41580
6/16/2022,4591,3682,1,0,2015,422,187,22,408,7,13357,35,15523,0,1398,26,41674
6/17/2022,4591,3682,1,0,2015,422,187,22,408,7,13358,35,15528,0,1398,26,41680
6/18/2022,4591,3682,1,0,2015,422,190,22,416,7,13358,35,15535,0,1401,26,41701
6/19/2022,4591,3682,1,0,2015,422,190,22,416,7,13362,35,15535,0,1401,26,41705
6/20/2022,4591,3682,1,0,2015,422,190,22,416,7,13362,35,15538,0,1401,26,41708
6/21/2022,4591,3682,1,0,2015,422,190,22,416,7,13365,35,15545,0,1401,26,41718
6/22/2022,4604,3682,1,0,2015,422,190,22,416,7,13370,35,15553,0,1401,26,41744
6/23/2022,4604,3722,1,0,2025,422,190,22,416,7,13378,35,15559,0,1401,26,41808
6/24/2022,4604,3722,1,0,2025,422,190,22,416,7,13381,35,15564,0,1401,26,41816
6/25/2022,4604,3722,1,0,2025,425,192,22,420,7,13388,35,15565,0,1403,26,41835
6/26/2022,4604,3722,1,0,2025,425,192,22,420,7,13389,35,15567,0,1403,26,41838
6/27/2022,4604,3722,1,0,2025,425,192,22,420,7,13389,35,15567,0,1403,26,41838
6/28/2022,4604,3722,1,0,2025,425,192,22,420,7,13396,35,15572,0,1403,26,41850
6/29/2022,4621,3722,1,0,2025,425,192,22,420,7,13412,35,15576,0,1403,26,41887
6/30/2022,4621,3747,1,0,2043,425,192,22,420,7,13421,35,15589,0,1403,26,41952
7/1/2022,4621,3747,1,0,2043,425,192,22,420,7,13430,35,15596,0,1403,26,41968
7/2/2022,4621,3747,1,0,2043,429,193,22,428,7,13431,35,15596,0,1403,26,41982
7/3/2022,4621,3747,1,0,2043,429,193,22,428,7,13431,35,15597,0,1403,26,41983
7/4/2022,4621,3747,1,0,2043,429,193,22,428,7,13431,35,15597,0,1403,26,41983
7/5/2022,4621,3747,1,0,2043,429,193,22,428,7,13434,35,15617,0,1403,26,42006
7/6/2022,4636,3747,1,0,2043,429,193,22,428,7,13445,35,15630,0,1403,26,42045
7/7/2022,4636,3788,1,0,2047,429,193,22,428,7,13454,35,15646,0,1403,26,42115
7/8/2022,4636,3788,1,0,2047,429,193,22,428,7,13462,35,15663,0,1403,26,42140
7/9/2022,4636,3788,1,0,2047,429,193,22,428,7,13469,35,15666,0,1403,26,42150
7/10/2022,4636,3788,1,0,2047,429,193,22,428,7,13470,35,15671,0,1403,26,42156
7/11/2022,4639,3788,1,0,2047,429,193,22,428,7,13471,35,15674,0,1403,26,42163
7/12/2022,4639,3788,1,0,2047,429,193,22,428,7,13476,35,15674,0,1403,26,42168
7/13/2022,4639,3788,1,0,2047,429,193,22,428,7,13486,35,15708,0,1403,26,42212
7/14/2022,4639,3823,1,0,2053,429,193,22,428,7,13493,35,15726,0,1403,26,42278
7/15/2022,4633,3823,1,0,2053,433,194,22,447,7,13498,37,15737,0,1417,26,42328
7/16/2022,4633,3823,1,0,2053,433,194,22,447,7,13506,37,15757,0,1417,26,42356
7/17/2022,4633,3823,1,0,2053,433,194,22,447,7,13514,37,15757,0,1417,26,42364
7/18/2022,4633,3823,1,0,2053,433,194,22,447,7,13514,37,15757,0,1417,26,42364
7/19/2022,4633,3823,1,0,2053,433,194,22,447,7,13521,37,15800,0,1417,26,42414
7/20/2022,4652,3823,1,0,2053,433,194,22,447,7,13540,37,15814,0,1417,26,42466
7/21/2022,4652,3855,1,0,2056,433,194,22,447,7,13555,37,15834,0,1417,26,42536
7/22/2022,4652,3855,1,0,2056,438,200,22,461,7,13615,48,15849,0,1438,26,42668
7/23/2022,4652,3855,1,0,2056,438,200,22,461,7,13615,48,15864,0,1438,26,42683
7/24/2022,4652,3855,1,0,2056,438,200,22,461,7,13615,48,15872,0,1438,26,42691
7/25/2022,4652,3855,1,0,2056,438,200,22,461,7,13615,48,15876,0,1438,26,42695
7/26/2022,4652,3855,1,0,2056,438,200,22,461,7,13644,48,15891,0,1438,26,42739
7/27/2022,4665,3855,1,0,2056,438,200,22,461,7,13644,48,15916,0,1438,26,42777
7/28/2022,4665,3908,1,0,2061,438,200,22,461,7,13701,48,15929,0,1438,26,42905
7/29/2022,4665,3908,1,0,2061,443,203,22,467,7,13702,49,15945,0,1438,26,42937
7/30/2022,4665,3908,1,0,2061,443,203,22,467,7,13702,49,15957,0,1438,26,42949
7/31/2022,4665,3908,1,0,2061,443,203,22,467,7,13702,49,15959,0,1438,26,42951
8/1/2022,4665,3908,1,0,2061,443,203,22,467,7,13702,49,15959,0,1438,26,42951
8/2/2022,4665,3908,1,0,2061,443,203,22,467,7,13707,49,15971,0,1438,27,42969
8/3/2022,4673,3908,1,0,2061,443,203,22,467,7,13707,49,15992,0,1438,29,43000
8/4/2022,4673,3940,1,0,2067,443,203,22,467,7,13717,49,16010,0,1438,29,43066
8/5/2022,4673,3940,1,0,2067,447,207,22,468,7,13770,49,16024,0,1438,29,43142
8/6/2022,4673,3940,1,0,2067,447,207,22,468,7,13770,49,16036,0,1438,29,43154
8/7/2022,4673,3940,1,0,2067,447,207,22,468,7,13770,49,16040,0,1438,29,43158
8/8/2022,4673,3940,1,0,2067,447,207,22,468,7,13770,49,16044,0,1438,30,43163
8/9/2022,4673,3940,1,0,2067,447,207,22,468,7,13770,49,16069,0,1438,30,43188
8/10/2022,4694,3940,1,0,2067,447,207,22,468,7,13770,49,16088,0,1438,30,43228
8/11/2022,4694,3995,1,0,2079,447,207,22,468,7,13873,49,16098,0,1438,30,43408
8/12/2022,4694,3995,1,0,2079,451,212,22,472,7,13872,51,16116,0,1438,30,43440
8/13/2022,4694,3995,1,0,2079,451,212,22,472,7,13872,51,16116,0,1438,30,43440
8/14/2022,4694,3995,1,0,2079,451,212,22,472,7,13872,51,16116,0,1438,30,43440
8/15/2022,4694,3995,1,0,2079,451,212,22,472,7,13872,51,16116,0,1438,30,43440
8/16/2022,4694,3995,1,0,2079,451,212,22,472,7,13881,51,16165,0,1438,30,43498
8/17/2022,4721,3995,1,0,2079,451,212,22,472,7,13881,51,16179,0,1438,30,43539
8/18/2022,4721,4037,1,0,2093,451,212,22,472,7,13928,51,16195,0,1438,30,43658
8/19/2022,4721,4037,1,0,2093,456,219,22,481,7,13935,52,16207,0,1479,30,43740
8/20/2022,4721,4037,1,0,2093,456,219,22,481,7,13935,52,16222,0,1479,30,43755
8/21/2022,4721,4037,1,0,2093,456,219,22,481,7,13935,52,16222,0,1479,30,43755
8/22/2022,4721,4037,1,0,2093,456,219,22,481,7,13935,52,16223,0,1479,30,43756
8/23/2022,4721,4037,1,0,2093,456,219,22,481,7,13956,52,16223,0,1479,30,43777
8/24/2022,4748,4037,1,0,2093,456,219,22,481,7,13956,52,16278,0,1479,30,43859
8/25/2022,4748,4097,1,0,2105,456,219,22,481,7,14000,52,16306,0,1479,30,44003
8/26/2022,4748,4097,1,0,2105,462,223,22,490,7,14008,53,16324,0,1479,30,44049
8/27/2022,4748,4097,1,0,2105,462,223,22,490,7,14008,53,16333,0,1479,30,44058
8/28/2022,4748,4097,1,0,2105,462,223,22,490,7,14008,53,16334,0,1479,30,44059
8/29/2022,4748,4097,1,0,2105,462,223,22,490,7,14008,53,16334,0,1479,30,44059
8/30/2022,4748,4097,1,0,2105,462,223,22,490,7,14032,53,16363,0,1479,30,44112
8/31/2022,4790,4097,1,0,2105,462,223,22,490,7,14032,53,16374,0,1479,30,44165
9/1/2022,4790,4145,1,0,2115,462,223,22,490,7,14114,53,16386,0,1479,30,44317
9/2/2022,4790,4145,1,0,2115,466,227,22,496,7,14119,54,16409,0,1479,30,44360
9/3/2022,4790,4145,1,0,2115,466,227,22,496,7,14119,54,16413,0,1479,30,44364
9/4/2022,4790,4145,1,0,2115,466,227,22,496,7,14119,54,16418,0,1479,30,44369
9/5/2022,4790,4145,1,0,2115,466,227,22,496,7,14119,54,16419,0,1479,30,44370
9/6/2022,4790,4145,1,0,2115,466,227,22,496,7,14127,54,16420,0,1479,30,44379
9/7/2022,4832,4145,1,0,2115,466,227,22,496,7,14127,54,16433,0,1479,30,44434
9/8/2022,4832,4183,1,0,2118,466,227,22,496,7,14189,54,16441,0,1479,30,44545
9/9/2022,4832,4183,1,0,2118,472,231,22,504,7,14193,56,16471,0,1479,30,44599
9/10/2022,4832,4183,1,0,2118,472,231,22,504,7,14193,56,16479,0,1479,30,44607
9/11/2022,4832,4183,1,0,2118,472,231,22,504,7,14193,56,16479,0,1479,30,44607
9/12/2022,4832,4183,1,0,2118,472,231,22,504,7,14193,56,16482,0,1479,31,44611
9/13/2022,4832,4183,1,0,2118,472,231,22,504,7,14216,56,16494,0,1479,31,44646
9/14/2022,4848,4183,1,0,2118,472,231,22,504,7,14216,56,16494,0,1479,31,44662
9/15/2022,4848,4216,1,0,2137,472,231,22,504,7,14278,56,16637,0,1479,31,44919
9/16/2022,4848,4216,1,0,2137,476,235,22,518,7,14283,57,16658,0,1507,31,44996
9/17/2022,4848,4216,1,0,2137,476,235,22,518,7,14283,57,16665,0,1507,31,45003
9/18/2022,4848,4216,1,0,2137,476,235,22,518,7,14283,57,16673,0,1507,31,45011
9/19/2022,4848,4216,1,0,2137,476,235,22,518,7,14283,57,16674,0,1507,31,45012
9/20/2022,4848,4216,1,0,2137,476,235,22,518,7,14291,57,16687,0,1507,31,45033
9/21/2022,4872,4216,1,0,2137,476,235,22,518,7,14291,57,16697,0,1507,31,45067
9/22/2022,4872,4253,1,0,2143,476,235,22,518,7,14342,57,16717,0,1507,31,45181
9/23/2022,4872,4253,1,0,2143,480,236,22,531,7,14349,59,16727,0,1507,31,45218
9/24/2022,4872,4253,1,0,2143,480,236,22,531,7,14349,59,16742,0,1507,31,45233
9/25/2022,4872,4253,1,0,2143,480,236,22,531,7,14349,59,16743,0,1507,31,45234
9/26/2022,4872,4253,1,0,2143,480,236,22,531,7,14349,59,16745,0,1507,31,45236
9/27/2022,4872,4253,1,0,2143,480,236,22,531,7,14367,59,16754,0,1507,31,45263
9/28/2022,4905,4253,1,0,2143,480,236,22,531,7,14367,59,16762,0,1507,31,45304
9/29/2022,4905,4283,1,0,2160,480,236,22,531,7,14415,59,16770,0,1507,31,45407
9/30/2022,4905,4283,1,0,2160,480,236,22,531,7,14415,59,16784,0,1507,31,45421
10/1/2022,4905,4283,1,0,2160,480,236,22,531,7,14415,59,16793,0,1507,31,45430
10/2/2022,4905,4283,1,0,2160,480,236,22,531,7,14415,59,16797,0,1507,31,45434
10/3/2022,4905,4283,1,0,2160,485,239,22,541,7,14415,60,16799,0,1507,31,45455
10/4/2022,4905,4283,1,0,2160,485,239,22,541,7,14428,60,16817,0,1507,31,45486
10/5/2022,4905,4283,1,0,2160,485,239,22,541,7,14428,60,16817,0,1507,31,45486
10/6/2022,4905,4321,1,0,2177,485,239,22,541,7,14488,60,16822,0,1507,31,45606
10/7/2022,4905,4321,1,0,2177,490,243,22,544,7,14495,61,16836,0,1507,31,45640
10/8/2022,4905,4321,1,0,2177,490,243,22,544,7,14495,61,16842,0,1507,31,45646
10/9/2022,4905,4321,1,0,2177,490,243,22,544,7,14495,61,16844,0,1507,31,45648
10/10/2022,4905,4321,1,0,2177,490,243,22,544,7,14495,61,16845,0,1507,31,45649
10/11/2022,4905,4321,1,0,2177,490,243,22,544,7,14508,61,16845,0,1507,31,45662
10/12/2022,4951,4321,1,0,2177,490,243,22,544,7,14508,61,16861,0,1507,31,45724
10/13/2022,4951,4370,1,0,2190,490,243,22,544,7,14553,61,16863,0,1507,31,45833
10/14/2022,4951,4370,1,0,2190,493,246,22,552,7,14560,63,16876,0,1566,31,45928
10/15/2022,4951,4370,1,0,2190,493,246,22,552,7,14560,63,16884,0,1566,31,45936
10/16/2022,4951,4370,1,0,2190,493,246,22,552,7,14560,63,16888,0,1566,31,45940
10/17/2022,4951,4370,1,0,2190,493,246,22,552,7,14560,63,16889,0,1566,31,45941
10/18/2022,4951,4370,1,0,2190,493,246,22,552,7,14581,63,16905,0,1566,31,45978
10/19/2022,4983,4370,1,0,2190,493,246,22,552,7,14581,63,16915,0,1566,31,46020
10/20/2022,4983,4423,1,0,2199,493,246,22,552,7,14659,63,16925,0,1566,31,46170
10/21/2022,4983,4423,1,0,2199,493,250,22,567,7,14672,64,16940,0,1566,31,46218
10/22/2022,4983,4423,1,0,2199,493,250,22,567,7,14672,64,16952,0,1566,31,46230
10/23/2022,4983,4423,1,0,2199,493,250,22,567,7,14672,64,16954,0,1566,31,46232
10/24/2022,4983,4423,1,0,2199,576,250,22,567,7,14672,64,16957,0,1566,32,46319
10/25/2022,4983,4423,1,0,2199,576,250,22,567,7,14690,64,16974,0,1566,32,46354
10/26/2022,5011,4423,1,0,2199,576,250,22,567,7,14690,64,16998,0,1566,32,46406
10/27/2022,5011,4485,1,0,2211,576,250,22,567,7,14757,64,17014,0,1566,32,46563
10/28/2022,5011,4485,1,0,2211,585,254,22,583,7,14770,66,17026,0,1604,32,46657
10/29/2022,5011,4485,1,0,2211,585,254,22,583,7,14770,66,17038,0,1604,32,46669
10/30/2022,5011,4485,1,0,2211,585,254,22,583,7,14770,66,17041,0,1604,32,46672
10/31/2022,5011,4485,1,0,2211,585,254,22,583,7,14770,66,17043,0,1604,32,46674
11/1/2022,5011,4485,1,0,2211,585,254,22,583,7,14785,66,17059,0,1604,32,46705
11/2/2022,5047,4485,1,0,2211,585,254,22,583,7,14785,66,17065,0,1604,32,46747
11/3/2022,5047,4525,1,0,2232,585,254,22,583,7,14870,66,17077,0,1604,32,46905
11/4/2022,5047,4525,1,0,2232,585,254,22,583,7,14887,66,17086,0,1604,32,46931
11/5/2022,5047,4525,1,0,2232,585,254,22,583,7,14887,66,17086,0,1604,32,46931
11/6/2022,5047,4525,1,0,2232,585,254,22,583,7,14887,66,17086,0,1604,32,46931
11/7/2022,5047,4525,1,0,2232,592,257,22,598,7,14887,69,17099,0,1604,32,46972
11/8/2022,5047,4525,1,0,2232,592,257,22,598,7,14919,69,17125,0,1604,32,47030
11/9/2022,5093,4525,1,0,2232,592,257,22,598,7,14919,69,17136,0,1604,32,47087
11/10/2022,5093,4552,1,0,2256,592,257,22,598,7,15005,69,17152,0,1604,32,47240
11/11/2022,5093,4552,1,0,2256,592,257,22,598,7,15023,69,17166,0,1604,32,47272
11/12/2022,5093,4552,1,0,2256,592,257,22,598,7,15023,69,17175,0,1604,32,47281
11/13/2022,5093,4552,1,0,2256,592,257,22,598,7,15023,69,17176,0,1604,32,47282
11/14/2022,5093,4552,1,0,2256,592,257,22,598,7,15023,69,17178,0,1604,32,47284
11/15/2022,5093,4552,1,0,2256,599,262,22,613,7,15058,72,17190,0,1662,32,47419
11/16/2022,5137,4552,1,0,2256,599,262,22,613,7,15058,72,17244,0,1662,32,47517
11/17/2022,5137,4607,1,0,2256,599,262,22,613,7,15138,72,17253,0,1662,32,47661
11/18/2022,5137,4607,1,0,2256,599,262,22,613,7,15148,72,17264,0,1662,32,47682
11/19/2022,5137,4607,1,0,2256,599,262,22,613,7,15148,72,17270,0,1662,32,47688
11/20/2022,5137,4607,1,0,2256,599,262,22,613,7,15148,72,17270,0,1662,32,47688
11/21/2022,5137,4607,1,0,2256,603,268,22,628,7,15148,74,17272,0,1662,32,47717
11/22/2022,5137,4607,1,0,2256,603,268,22,628,7,15154,74,17290,0,1662,32,47741
11/23/2022,5177,4607,1,0,2256,603,268,22,628,7,15154,74,17292,0,1662,32,47783
11/24/2022,5177,4642,1,0,2256,603,268,22,628,7,15176,74,17302,0,1662,32,47850
11/25/2022,5177,4642,1,0,2256,603,268,22,628,7,15176,74,17314,0,1662,32,47862
11/26/2022,5177,4642,1,0,2256,603,268,22,628,7,15176,74,17314,0,1662,32,47862
11/27/2022,5177,4642,1,0,2256,603,268,22,628,7,15176,74,17314,0,1662,32,47862
11/28/2022,5177,4642,1,0,2256,609,271,22,639,7,15176,76,17314,0,1701,32,47923
11/29/2022,5177,4642,1,0,2256,609,271,22,639,7,15176,76,17314,0,1701,32,47923
11/30/2022,5216,4642,1,0,2256,609,271,22,639,7,15176,76,17354,0,1701,32,48002
12/1/2022,5216,4642,1,0,2256,609,271,22,639,7,15300,76,17361,0,1701,32,48133
12/2/2022,5216,4642,1,0,2256,609,271,22,639,7,15300,76,17361,0,1701,32,48133
12/3/2022,5216,4642,1,0,2256,609,271,22,639,7,15300,76,17361,0,1701,32,48133
12/4/2022,5216,4642,1,0,2256,609,271,22,639,7,15300,76,17361,0,1701,32,48133
12/5/2022,5216,4680,1,0,2293,615,275,22,653,7,15312,81,17409,0,1701,32,48297
12/6/2022,5216,4680,1,0,2293,615,275,22,653,7,15312,81,17409,0,1701,32,48297
12/7/2022,5262,4680,1,0,2293,615,275,22,653,7,15312,81,17415,0,1701,32,48349
12/8/2022,5262,4680,1,0,2293,615,275,22,653,7,15370,81,17426,0,1701,32,48418
12/9/2022,5262,4715,1,0,2293,615,275,22,653,7,15375,81,17442,0,1701,32,48474
12/10/2022,5262,4715,1,0,2293,615,275,22,653,7,15375,81,17461,0,1701,32,48493
12/11/2022,5262,4715,1,0,2293,615,275,22,653,7,15375,81,17462,0,1701,32,48494
12/12/2022,5262,4715,1,0,2301,621,278,22,666,7,15375,81,17463,0,1750,32,48574
12/13/2022,5262,4715,1,0,2301,621,278,22,666,7,15378,81,17485,0,1750,32,48599
12/14/2022,5308,4715,1,0,2301,621,278,22,666,7,15378,81,17497,0,1750,32,48657
12/15/2022,5308,4760,1,0,2301,621,278,22,666,7,15440,81,17514,0,1750,32,48781
12/16/2022,5308,4760,1,0,2301,621,278,22,666,7,15440,81,17533,0,1750,32,48800
12/17/2022,5308,4760,1,0,2301,621,278,22,666,7,15440,81,17537,0,1750,32,48804
12/18/2022,5308,4760,1,0,2301,621,278,22,666,7,15440,81,17540,0,1750,32,48807
12/19/2022,5308,4760,1,0,2305,628,282,22,672,7,15440,81,17542,0,1750,32,48830
12/20/2022,5308,4760,1,0,2305,628,282,22,672,7,15440,82,17570,0,1750,32,48859
12/21/2022,5351,4760,1,0,2305,628,282,22,672,7,15440,82,17586,0,1750,32,48918
12/22/2022,5351,4760,1,0,2305,628,282,22,672,7,15508,82,17593,0,1750,32,48993
12/23/2022,5351,4806,1,0,2331,635,288,22,674,7,15514,82,17615,0,1781,32,49139
12/24/2022,5351,4806,1,0,2331,635,288,22,674,7,15514,82,17615,0,1781,32,49139
12/25/2022,5351,4806,1,0,2331,635,288,22,674,7,15514,82,17615,0,1781,32,49139
12/26/2022,5351,4806,1,0,2331,635,288,22,674,7,15514,82,17626,0,1781,32,49150
12/27/2022,5351,4806,1,0,2331,635,288,22,674,7,15514,82,17628,0,1781,32,49152
12/28/2022,5351,4806,1,0,2331,635,288,22,674,7,15514,82,17644,0,1781,32,49168
12/29/2022,5351,4806,1,0,2331,635,288,22,674,7,15538,82,17670,0,1781,32,49218
12/30/2022,5351,4806,1,0,2331,635,288,22,674,7,15538,82,17681,0,1781,32,49229
12/31/2022,5351,4806,1,0,2331,635,288,22,674,7,15538,82,17690,0,1781,32,49238
1/1/2023,5351,4806,1,0,2331,635,288,22,674,7,15538,82,17692,0,1781,32,49240
1/2/2023,5351,4806,1,0,2331,635,288,22,674,7,15538,82,17692,0,1781,32,49240
1/3/2023,5351,4806,1,0,2331,635,288,22,674,7,15538,82,17694,0,1781,32,49242
1/4/2023,5351,4806,1,0,2331,635,288,22,674,7,15538,82,17700,0,1781,32,49248
1/5/2023,5351,4896,1,0,2331,635,288,22,674,7,15628,82,17714,0,1781,32,49442
1/6/2023,5415,4896,1,0,2331,635,288,22,674,7,15633,82,17728,0,1781,32,49525
1/7/2023,5415,4896,1,0,2331,635,288,22,674,7,15633,82,17745,0,1781,32,49542
1/8/2023,5415,4896,1,0,2331,635,288,22,674,7,15633,82,17746,0,1781,32,49543
1/9/2023,5415,4896,1,0,2369,740,295,22,689,7,15633,82,17750,0,1800,32,49731
1/10/2023,5415,4896,1,0,2369,740,295,22,689,7,15643,83,17768,0,1800,32,49760
1/11/2023,5443,4896,1,0,2369,740,295,22,689,7,15643,83,17774,0,1800,32,49794
1/12/2023,5443,4961,1,0,2369,740,295,22,689,7,15717,83,17789,0,1800,32,49948
1/13/2023,5443,4961,1,0,2369,740,295,22,689,7,15717,83,17801,0,1800,32,49960
1/14/2023,5443,4961,1,0,2369,740,295,22,689,7,15717,83,17810,0,1800,32,49969
1/15/2023,5443,4961,1,0,2369,740,295,22,689,7,15717,83,17810,0,1800,32,49969
1/16/2023,5443,4961,1,0,2394,749,295,22,699,7,15717,83,17811,0,1800,32,50014
1/17/2023,5443,4961,1,0,2394,749,295,22,699,7,15717,85,17827,0,1800,32,50032
1/18/2023,5470,4961,1,0,2394,749,295,22,699,7,15717,85,17831,0,1800,32,50063
1/19/2023,5470,5007,1,0,2394,749,295,22,699,7,15817,85,17846,0,1800,32,50224
1/20/2023,5470,5007,1,0,2394,749,295,22,699,7,15822,85,17854,0,1800,32,50237
1/21/2023,5470,5007,1,0,2394,749,295,22,699,7,15822,85,17865,0,1800,32,50248
1/22/2023,5470,5007,1,0,2394,749,295,22,699,7,15822,85,17865,0,1800,32,50248
1/23/2023,5470,5007,1,0,2403,762,296,22,705,7,15822,85,17865,0,1826,32,50303
1/24/2023,5470,5007,1,0,2403,762,296,22,705,7,15826,85,17885,0,1826,32,50327
1/25/2023,5468,5007,1,0,2403,762,296,22,705,7,15826,85,17904,0,1826,32,50344
1/26/2023,5468,5061,1,0,2403,762,296,22,705,7,15888,85,17923,0,1826,32,50479
1/27/2023,5468,5061,1,0,2403,762,296,22,705,7,15899,85,17936,0,1826,32,50503
1/28/2023,5468,5061,1,0,2403,762,296,22,705,7,15899,85,17940,0,1826,32,50507
1/29/2023,5468,5061,1,0,2403,762,296,22,705,7,15899,85,17940,0,1826,32,50507
1/30/2023,5465,5061,1,0,2418,773,296,22,715,7,15899,85,17941,0,1826,32,50541
1/31/2023,5465,5061,1,0,2418,773,296,22,715,7,15903,88,17954,0,1826,32,50561
2/1/2023,5486,5061,1,0,2418,773,296,22,715,7,15903,88,17962,0,1826,32,50590
2/2/2023,5486,5106,1,0,2418,773,296,22,715,7,15952,88,17967,0,1826,32,50689
2/3/2023,5486,5106,1,0,2418,773,296,22,715,7,15963,88,17971,0,1826,32,50704
2/4/2023,5486,5106,1,0,2418,773,296,22,715,7,15963,88,17971,0,1826,32,50704
2/5/2023,5486,5106,1,0,2418,773,296,22,715,7,15963,88,17971,0,1826,32,50704
2/6/2023,5486,5106,1,0,2428,781,304,22,724,7,15963,88,17971,0,1858,32,50771
2/7/2023,5486,5106,1,0,2428,781,304,22,724,7,15967,90,17993,0,1858,32,50799
2/8/2023,5510,5106,1,0,2428,781,304,22,724,7,15967,90,17997,0,1858,32,50827
2/9/2023,5510,5139,1,0,2428,781,304,22,724,7,16006,90,18002,0,1858,32,50904
2/10/2023,5510,5139,1,0,2428,781,304,22,724,7,16006,90,18015,0,1858,32,50917
2/11/2023,5510,5139,1,0,2428,781,304,22,724,7,16006,90,18017,0,1858,32,50919
2/12/2023,5510,5139,1,0,2428,781,304,22,724,7,16006,90,18017,0,1858,32,50919
2/13/2023,5510,5139,1,0,2439,812,304,22,746,7,16006,90,18021,0,1858,32,50987
2/14/2023,5510,5139,1,0,2439,812,304,22,746,7,16006,92,18030,0,1858,32,50998
2/15/2023,5536,5139,1,0,2439,812,304,22,746,7,16006,92,18037,0,1858,32,51031
2/16/2023,5536,5157,1,0,2439,812,304,22,746,7,16064,92,18049,0,1858,32,51119
2/17/2023,5536,5157,1,0,2439,812,304,22,746,7,16066,92,18053,0,1858,32,51125
2/18/2023,5536,5157,1,0,2439,812,304,22,746,7,16066,92,18062,0,1858,32,51134
2/19/2023,5536,5157,1,0,2439,812,304,22,746,7,16066,92,18062,0,1858,32,51134
2/20/2023,5536,5157,1,0,2456,822,311,22,771,7,16066,92,18063,0,1882,32,51218
2/21/2023,5536,5157,1,0,2456,822,311,22,771,7,16066,92,18073,0,1882,32,51228
2/22/2023,5556,5157,1,0,2456,822,311,22,771,7,16066,92,18078,0,1882,32,51253
2/23/2023,5556,5192,1,0,2456,822,311,22,771,7,16130,92,18084,0,1882,32,51358
2/24/2023,5556,5192,1,0,2456,822,311,22,771,7,16134,92,18090,0,1882,32,51368
2/25/2023,5556,5192,1,0,2456,822,311,22,771,7,16134,92,18097,0,1882,32,51375
2/26/2023,5556,5192,1,0,2456,822,311,22,771,7,16134,92,18097,0,1882,32,51375
2/27/2023,5556,5192,1,0,2460,825,311,22,786,7,16134,92,18097,0,1882,32,51397
2/28/2023,5556,5192,1,0,2460,825,311,22,786,7,16138,92,18101,0,1882,32,51405
3/1/2023,5602,5192,1,0,2460,825,311,22,786,7,16138,92,18105,0,1882,32,51455
3/2/2023,5602,5218,1,0,2460,825,311,22,786,7,16184,92,18114,0,1882,32,51536
3/3/2023,5602,5218,1,0,2460,825,311,22,786,7,16186,92,18124,0,1882,32,51548
3/4/2023,5602,5218,1,0,2460,825,311,22,786,7,16186,92,18131,0,1882,32,51555
3/5/2023,5602,5218,1,0,2460,825,311,22,786,7,16186,92,18131,0,1882,32,51555
3/6/2023,5602,5218,1,0,2464,834,318,22,794,7,16186,92,18132,0,1890,32,51592
3/7/2023,5602,5218,1,0,2464,834,318,22,794,7,16186,93,18144,0,1890,32,51605
3/8/2023,5622,5218,1,0,2464,834,318,22,794,7,16186,93,18153,0,1890,32,51634
3/9/2023,5622,5249,1,0,2464,834,318,22,794,7,16234,93,18160,0,1890,32,51720
